LINE,kd_MIRLET7G,ks_MIRLET7G,ka_POU2F1,kd_POU2F1,ks_POU2F1,kr_MIRLET7G
1-1,0.00961663,1.03362,1.08113,0.170917,0.717262,0.0198492
2-1,1.00225,9.8556,24.6785,0.200313,0.836164,0.000379664
3-1,0.0836998,2.26526,6.79493,0.21409,0.985167,0.00103711
4-1,0.0111053,0.574872,4.13993,0.234591,0.766361,0.0010829
5-1,0.0148768,1.59254,1.78067,0.256582,0.876376,0.000692094
6-1,0.0157982,2.64452,1.40554,0.28547,0.85754,0.000663371
7-1,0.0277418,1.40855,2.86542,0.259016,0.881393,0.012241
8-1,0.0214674,0.976678,4.54831,0.280309,0.775242,0.000976888
9-1,0.52334,7.93362,11.5525,0.283593,0.730034,5.58029e-05
10-1,0.0141848,1.33572,3.11857,0.347782,0.720415,1.40808e-06
11-1,0.192399,9.70315,6.72378,0.243989,0.72749,2.6069e-06
12-1,0.00553805,1.1151,1.74623,0.35542,0.640671,0.00105262
13-1,0.0279544,1.90981,3.78952,0.319933,0.724467,0.000437533
14-1,0.00725584,1.01399,0.901309,0.120277,0.770093,0.00557014
15-1,0.252601,14.3262,2.04236,0.242752,0.667034,0.000198749
16-1,0.0139738,1.98264,1.58669,0.254541,1.01103,0.000695782
17-1,0.524885,29.3767,1.36332,0.162518,0.759244,0.000248737
18-1,0.0201027,1.6862,1.28308,0.232552,0.966422,0.00130998
19-1,0.529471,1.69066,86.9027,0.372851,0.745446,1.37542e-05
20-1,0.33738,15.9461,2.93629,0.207892,0.725075,1.13091e-05
21-1,0.0151272,1.30741,3.0947,0.153927,0.95505,0.0156124
22-1,0.029494,4.10678,1.11524,0.27903,0.725986,4.02891e-05
23-1,0.0090095,1.71296,3.23876,0.257978,0.721168,0.00224366
24-1,0.820856,107.487,0.364749,0.176656,0.903507,2.48438e-06
25-1,0.0199132,1.61734,4.56936,0.313408,0.757432,0.000151091
26-1,0.0349491,1.32307,2.71273,0.26602,0.843292,0.00268797
27-1,0.0335677,2.38045,1.86063,0.234341,0.927067,0.00170096
28-1,0.00984119,1.18146,1.73822,0.262534,0.80277,0.0017165
29-1,0.0250314,1.11704,6.30499,0.248099,0.985782,0.000523966
30-1,0.0182828,1.84279,2.93317,0.172517,0.895588,0.00305623
31-1,0.00661916,1.59314,1.40583,0.304371,0.774445,0.00038654
32-1,0.383167,10.011,5.75798,0.242399,0.710701,4.69168e-05
33-1,0.735717,20.0045,5.61187,0.160636,0.791667,0.000406841
34-1,0.00122582,1.31317,0.64321,0.367299,0.650538,9.27231e-06
35-1,0.26775,16.301,1.58895,0.188545,0.804583,0.000265019
36-1,0.0142867,1.91098,2.70893,0.27435,0.725421,0.00101274
37-1,0.011418,1.57961,1.46399,0.283817,0.782653,0.000853751
38-1,0.0299682,2.08359,3.14233,0.341292,0.704478,0.00130374
39-1,0.0133489,1.43166,1.33197,0.234069,1.04558,0.00197719
40-1,0.0150763,1.9657,2.29679,0.254493,0.844217,0.000213447
41-1,0.0321908,1.98599,1.81745,0.313212,0.841113,0.000361845
42-1,0.00298213,1.09056,0.275854,0.313864,0.95037,0.000939109
43-1,0.0166195,2.62758,0.945212,0.142583,1.33775,0.00161659
44-1,0.0190533,1.55925,2.16816,0.249091,0.788609,0.00491926
45-1,0.0158231,1.45996,0.96223,0.278797,0.788035,0.000729607
46-1,0.0100791,1.38855,1.78279,0.32977,0.692605,0.00172477
47-1,0.0765229,2.43503,7.08245,0.240912,0.853412,0.000518265
48-1,0.724758,104.303,0.374252,0.25049,0.722476,2.05141e-05
49-1,0.322601,8.98799,8.14372,0.257423,0.695082,1.38205e-06
50-1,0.0461239,5.4866,3.64261,0.200309,1.91141,0.00758903
51-1,0.111681,4.09387,4.75645,0.303657,0.858746,0.000421724
52-1,0.0093677,1.605,2.6322,0.174767,0.806719,0.00418419
53-1,0.00762478,0.772932,2.25529,0.0963636,1.11438,0.00366555
54-1,0.0444718,2.39616,1.63861,0.322675,0.726905,4.11206e-06
55-1,0.0221068,1.45478,1.74959,0.256756,0.869908,0.00192498
56-1,0.0301618,2.26177,1.85339,0.355313,0.714618,0.000398323
57-1,0.0248735,2.12762,1.33997,0.314105,0.742872,0.000966942
58-1,0.00451419,1.72007,1.17539,0.281961,0.821301,7.97415e-05
59-1,0.0156574,2.04668,4.09031,0.251983,0.8137,0.000700801
60-1,0.00902214,0.793618,1.3268,0.253146,0.836096,0.00328896
61-1,0.402509,10.6513,6.75526,0.251165,0.679108,1.96388e-06
62-1,0.00848567,0.496234,2.5519,0.334558,0.737741,0.00102704
63-1,1.38259,19.5246,6.08501,0.275303,0.867611,0.000213111
64-1,0.00553588,1.1984,1.20236,0.253362,1.09894,0.00237018
65-1,0.00466964,1.78068,2.38905,0.23461,0.777215,0.0068716
66-1,0.222372,6.55895,8.88915,0.18547,0.865434,0.000125131
67-1,0.00660926,0.970499,1.28147,0.212616,0.885088,0.00205229
68-1,0.0915058,9.5382,4.09632,0.237015,0.737737,2.38686e-05
69-1,0.00679596,1.77538,2.87327,0.147761,0.940989,0.0112786
70-1,0.0327595,1.33817,7.68208,0.282584,0.881091,0.00165487
71-1,0.0280948,1.98484,7.30567,0.0162474,0.798513,0.0355952
72-1,0.278518,14.4889,2.08735,0.179279,0.818003,0.000396318
73-1,0.00793219,0.915572,1.57611,0.180766,0.891902,0.00376734
74-1,0.01781,1.16524,3.84686,0.345071,0.866158,0.000419593
75-1,0.0233688,1.3503,5.1084,0.0166502,0.728438,0.0697401
76-1,0.0300093,0.912773,2.83774,0.227035,0.861272,0.00585634
77-1,0.0117627,2.02374,0.905323,0.321475,0.737994,0.000204616
78-1,0.0214812,2.93527,1.50078,0.260497,1.81685,0.00237069
79-1,0.0106499,1.02728,4.78249,0.068257,1.25707,0.011753
80-1,0.0279612,1.97946,2.64493,0.190273,0.829571,0.00204955
81-1,0.0279597,0.812482,3.9653,0.245758,0.805558,0.00475854
82-1,0.0400984,2.50077,2.17075,0.277484,0.800501,0.000860955
83-1,0.0166449,3.21515,1.43845,0.251184,0.86634,0.00033815
84-1,0.0129705,1.22651,2.79593,0.0918371,1.01066,0.0090546
85-1,0.0188694,2.03363,2.72232,0.329719,0.65005,0.000597294
86-1,0.0241065,2.54834,1.73278,0.334346,0.86982,0.000263148
87-1,0.0232689,1.10625,2.88492,0.231984,0.937346,0.00222342
88-1,1.58105,15.0321,4.53474,0.120116,2.20444,0.00304916
89-1,0.0241623,1.84962,2.85094,0.14659,0.769858,0.00513133
90-1,1.12502,433.475,0.27849,0.268082,0.735475,1.0903e-06
91-1,0.00852503,0.887171,3.435,0.198391,1.12975,0.00997864
92-1,0.00826817,1.35237,4.37014,0.205433,0.981672,0.000789337
93-1,0.0390218,1.33414,1.71015,0.261075,0.828926,0.00138715
94-1,0.325899,7.10106,11.7392,0.281242,0.710932,2.3675e-06
95-1,0.168607,14.7088,1.16298,0.20332,0.748068,0.000188663
96-1,0.365139,13.5999,1.15623,0.1975,0.639773,0.000478669
97-1,0.00611718,0.897024,1.75217,0.339879,0.806523,0.00143047
98-1,0.0158592,1.66796,1.6088,0.109122,0.865118,0.0114411
99-1,0.0507699,1.48552,6.79168,0.317163,0.907312,0.000189017
100-1,0.0129102,1.18094,2.76354,0.182781,0.94813,0.00328535
101-1,0.00751527,1.50547,2.66789,0.326994,0.704161,0.00143979
102-1,0.0146449,1.16113,1.26079,0.296411,0.801397,0.00072464
103-1,0.0250979,2.41686,3.36738,0.296844,0.810721,0.000212357
104-1,0.00959823,2.06336,1.22179,0.0971084,0.786476,0.00819149
105-1,0.00458576,0.856545,1.00887,0.288692,0.766363,0.00139618
106-1,0.0312991,1.27492,5.89981,0.244631,0.953872,0.00300671
107-1,0.230632,13.8366,2.5644,0.214111,0.730198,0.000104113
108-1,0.0233378,11.0869,1.01698,0.20386,1.19643,0.000137022
109-1,0.0121667,1.19678,3.16562,0.161252,0.99481,0.00419802
110-1,0.0324926,1.57042,3.83613,0.324832,0.795464,0.00173128
111-1,0.281611,12.371,2.73324,0.23961,0.708668,3.33748e-06
112-1,0.0147951,1.35485,10.6141,0.215919,0.865375,0.000580892
113-1,0.0132949,1.14741,3.48167,0.183285,0.963119,0.00289369
114-1,0.0160434,1.24484,4.48512,0.249447,0.833655,0.00362892
115-1,0.0194558,2.0808,2.81273,0.246218,1.03921,0.00140059
116-1,0.105488,1.48752,3.18524,0.0560107,0.865037,0.0397122
117-1,0.00661467,0.867013,2.27314,0.210824,1.0643,0.00397182
118-1,0.0253592,2.61928,1.83978,0.241713,0.964685,0.000763611
119-1,0.0189692,1.94133,2.63423,0.228482,0.990139,0.00108704
120-1,0.0195902,1.07032,2.28232,0.217168,0.902643,0.00358089
121-1,0.416121,22.9176,0.585811,0.188611,0.738575,0.000238085
122-1,0.0175928,1.7956,0.854836,0.305299,0.752842,0.000679016
123-1,0.0202124,1.57529,2.9429,0.184146,0.969569,0.00393952
124-1,0.0122935,1.88557,1.33281,0.246264,0.739957,0.00256024
125-1,0.0429836,2.30628,5.26505,0.312937,0.72392,3.07072e-05
126-1,0.291933,12.2872,3.60835,0.244351,0.684987,9.96145e-05
127-1,0.00811185,1.18997,1.21321,0.182952,0.942863,0.00324495
128-1,0.0855284,1.05207,3.71654,0.269953,0.782092,0.000615872
129-1,0.284991,11.7014,3.95288,0.246223,0.671054,6.63936e-05
130-1,0.00988542,1.38926,1.72824,0.255191,0.860335,0.000765551
131-1,0.0316866,1.84086,2.08811,0.307059,0.751681,6.49373e-05
132-1,0.0161261,1.86442,3.08635,0.173805,0.766841,0.0030407
133-1,0.00296297,0.82294,1.07742,0.233963,0.854413,0.000992467
134-1,0.00627404,0.763788,1.58341,0.108543,1.04571,0.00120596
135-1,0.0165796,1.75196,2.95738,0.284636,0.838977,0.000538775
136-1,0.149612,1.39255,10.9842,0.232923,1.08508,0.00137011
137-1,0.0377767,1.60974,3.79413,0.10512,1.06958,0.00165102
138-1,0.0318786,1.67567,4.3434,0.182522,1.13868,0.00736987
139-1,0.198425,12.2913,2.53803,0.196367,0.941994,7.36036e-05
140-1,0.00822694,0.864064,1.75841,0.401893,0.592405,0.000509705
141-1,0.0465419,4.02207,1.76674,0.272061,0.730291,0.00263775
142-1,0.0181081,1.59947,5.52514,0.303283,0.799504,9.75049e-05
143-1,0.412318,12.0665,4.23806,0.243223,0.673518,2.26492e-06
144-1,0.0141679,3.04319,1.61469,0.359029,0.836196,1.13152e-06
145-1,0.0160555,1.40014,5.62833,0.250123,0.868617,2.9375e-05
146-1,0.289422,0.735832,2.02422,0.409102,0.590088,0.0592088
147-1,0.0223782,1.95196,2.29322,0.2471,0.886232,0.000874086
148-1,0.758383,8.04769,41.1122,0.189227,0.862727,0.000216908
149-1,0.00888262,1.89188,2.26781,0.254614,0.840166,0.000725071
150-1,0.630353,35.0067,0.543656,0.239078,0.734316,1.98973e-06
151-1,0.024243,1.64091,2.63247,0.250365,0.84682,0.00410526
152-1,1.05296,655.298,0.31081,0.274068,0.746194,1.01178e-06
153-1,0.0279964,1.40807,2.03202,0.302647,0.779838,0.000936848
154-1,0.743363,79.9794,0.468862,0.215884,0.737018,1.58722e-06
155-1,0.0108015,0.887778,1.15814,0.25633,0.794776,0.00355019
156-1,0.0247203,1.29576,2.06758,0.227348,0.953051,0.000861992
157-1,0.0106203,1.28757,1.81917,0.300715,0.787612,0.000485636
158-1,0.0254448,1.68702,3.73865,0.257877,0.871585,0.00181535
159-1,0.0194544,1.55599,1.64159,0.310829,0.807435,0.00129059
160-1,0.0108681,0.780801,6.87846,0.22136,0.699628,0.00291544
161-1,0.324558,10.7929,5.04732,0.241814,0.728845,8.95508e-05
162-1,0.342183,14.2194,3.6355,0.208547,0.748994,0.000175137
163-1,0.0306657,1.75301,1.79362,0.227937,0.959052,0.00130723
164-1,0.101809,8.27153,4.52013,0.244731,0.729994,1.88744e-05
165-1,0.0287008,1.42319,2.02997,0.302673,0.779361,0.000959117
166-1,0.932793,346.562,0.364656,0.247378,0.724355,7.50917e-06
167-1,0.0187733,1.81472,2.77208,0.167009,0.908547,0.00355362
168-1,0.00840891,1.09433,1.74926,0.360831,0.695221,0.000833764
169-1,0.0140948,1.33599,3.54634,0.287988,0.700328,0.00329798
170-1,0.0255391,1.61363,2.01856,0.311975,0.726836,0.00229886
171-1,0.00976795,1.63857,2.3089,0.140042,0.778237,0.0192518
172-1,0.294445,12.8222,4.20766,0.215568,0.752339,0.000160183
173-1,1.17415,179.062,0.260542,0.190678,0.845125,6.78818e-06
174-1,0.420965,10.0592,7.49033,0.250883,0.689392,4.08237e-05
175-1,0.0139243,1.34373,2.29643,0.174191,0.770556,0.00142674
176-1,0.0334902,2.49278,1.57252,0.26751,0.881029,0.000588246
177-1,0.0116292,1.68616,0.966098,0.0515906,1.00481,0.0234723
178-1,0.00465714,0.959262,2.21678,0.263194,0.807187,0.000692977
179-1,0.00894694,0.566923,2.689,0.251445,0.754995,0.00242394
180-1,0.476081,2.29413,5.52989,0.259228,0.800105,0.00344527
181-1,0.287462,1.26455,36.2461,0.347253,0.7818,0.000342767
182-1,0.0134614,0.967785,1.09582,0.225756,0.952969,0.00313298
183-1,0.0757887,2.26364,4.74038,0.238672,0.920438,0.000904329
184-1,0.0712231,2.95066,2.68678,0.267818,0.865094,0.000743519
185-1,0.0443373,1.11873,4.01803,0.320889,0.774313,0.00217481
186-1,0.029966,1.03693,2.92732,0.206856,0.917573,0.00248033
187-1,1.20651,13.351,25.1266,0.192613,0.858619,0.000248749
188-1,0.0131199,1.37346,3.43743,0.209806,1.15013,0.00235974
189-1,0.0156819,2.30909,1.40863,0.295839,0.774992,0.000862657
190-1,0.120451,2.81807,4.05006,0.268481,0.749564,1.24163e-06
191-1,0.0450598,1.77592,4.20932,0.218787,0.980586,0.00101626
192-1,0.0194554,1.57135,3.25744,0.135965,0.85875,0.0167333
193-1,0.0174798,1.5506,2.67938,0.132464,0.927671,0.00550136
194-1,0.797508,167.063,0.386567,0.226308,0.766229,2.13083e-06
195-1,0.0759,2.42017,5.27837,0.229397,0.983967,0.00114895
196-1,0.0183001,1.01219,2.81259,0.164579,0.832422,0.00563054
197-1,0.318581,9.70375,11.2469,0.224651,0.780717,0.000115601
198-1,0.011826,1.82539,2.4155,0.0765602,0.889567,0.00724059
199-1,0.0285442,1.91772,2.53388,0.219434,0.984727,0.000989356
200-1,0.0185778,2.48838,3.7937,0.0898279,1.08261,0.00530907
201-1,0.0717948,2.44986,6.42276,0.342452,0.731358,4.6513e-05
202-1,0.451311,12.7552,5.9726,0.187749,0.815226,0.000473229
203-1,0.0241329,1.88926,2.10719,0.30133,0.909636,0.000304873
204-1,0.736989,16.1396,7.73011,0.177967,0.815102,0.000296267
205-1,0.0774873,2.48481,7.63858,0.261215,0.991566,0.000699718
206-1,0.00254785,1.11189,0.422613,0.325137,0.740968,1.09302e-06
207-1,0.298329,13.3546,2.85755,0.242812,0.631666,4.1021e-05
208-1,0.114353,3.14344,5.54952,0.311307,0.815615,0.000260679
209-1,0.0209423,2.97221,0.760247,0.22209,0.890731,0.00110235
210-1,0.924625,11.3979,23.5284,0.193219,0.872369,0.000345335
211-1,0.370234,48.2175,0.665407,0.11837,1.15979,6.80681e-05
212-1,0.0114313,1.80406,2.24373,0.0689081,0.72632,0.0120671
213-1,0.0501478,1.98342,2.65509,0.191507,0.780807,0.00464432
214-1,0.0829294,3.30148,2.58732,0.274494,0.826685,0.00144621
215-1,0.0419398,1.73619,4.46423,0.265605,0.76758,0.000369834
216-1,0.00585896,1.28367,1.37244,0.154337,7.72897,0.0330872
217-1,0.386256,12.4484,6.01824,0.214544,0.765899,0.000205395
218-1,0.00795973,1.22448,1.25855,0.0463897,1.32066,0.0246344
219-1,0.0155241,1.79059,1.05718,0.255021,0.898346,0.00181405
220-1,0.145835,8.21682,11.1913,0.280724,0.699553,0.000116692
221-1,0.0135904,1.83215,2.02447,0.346243,0.668347,0.00126563
222-1,0.0582323,4.63418,3.67137,0.276385,0.790325,0.000136238
223-1,0.75627,282.29,0.400044,0.233423,0.766858,1.00009e-06
224-1,0.0258454,1.69241,3.15748,0.210798,0.860916,0.00218701
225-1,0.0237601,2.47063,1.49801,0.287866,0.832846,0.000811383
226-1,0.328433,11.8621,5.08168,0.220989,0.746545,0.000157474
227-1,1.17728,274.22,0.257602,0.242258,0.789652,1.24866e-05
228-1,0.0247684,2.94693,2.44815,0.346203,0.65137,8.12008e-05
229-1,0.194203,5.33389,2.90741,0.303105,0.739103,0.000238654
230-1,0.0570929,1.28822,4.66488,0.326628,0.707015,1.32089e-06
231-1,0.044814,1.55614,2.53872,0.176742,0.85887,0.00995779
232-1,0.0583109,1.90878,9.456,0.31858,0.730819,1.89473e-06
233-1,0.0215152,1.21422,1.85025,0.36668,0.729275,0.000450804
234-1,0.0174961,3.45987,0.702368,0.234641,0.867456,0.0014907
235-1,0.00471281,1.04049,1.02112,0.351766,0.93163,0.0013428
236-1,0.0673426,3.07668,5.95365,0.272442,0.876658,0.000272203
237-1,0.0524719,1.9399,3.9577,0.214046,0.993589,0.00119188
238-1,0.0141975,1.41986,1.75189,0.304275,0.871829,0.000165016
239-1,0.0121929,1.32959,1.04477,0.140003,0.908333,0.0132633
240-1,0.0126039,1.25031,1.7645,0.311837,0.796546,0.000419126
241-1,0.0364038,2.46665,2.19042,0.295824,0.801702,0.000752277
242-1,0.00801659,1.29604,2.59491,0.0724316,0.991821,0.00722623
243-1,0.0148306,1.52905,1.53247,0.228123,0.791735,0.00181432
244-1,0.0521691,5.76155,2.21424,0.22424,0.865845,2.95996e-05
245-1,0.379663,9.42382,8.4234,0.250283,0.709309,1.47917e-06
246-1,0.0114469,1.55768,0.920127,0.169301,1.64118,0.0115956
247-1,0.0246166,2.12434,2.04225,0.263533,0.853679,0.000615891
248-1,0.0703101,3.61322,3.06903,0.328061,0.771804,0.000484339
249-1,0.00499212,0.938818,1.14646,0.286087,0.806825,0.00204306
250-1,0.0135494,1.76415,1.45542,0.293558,0.778867,0.0009645
251-1,0.294958,9.05971,2.28723,0.216021,0.634868,0.000329407
252-1,0.877899,299.98,0.372322,0.226386,0.773879,1.00187e-06
253-1,0.0315162,1.81911,1.8588,0.228069,0.964089,0.00123382
254-1,0.0136906,1.14386,2.11953,0.0739641,1.17705,0.0107324
255-1,0.563631,4.16899,10.4661,0.258061,0.845034,0.000835365
256-1,0.0101604,1.27828,4.1429,0.114029,0.89263,0.00684396
257-1,0.976025,13.1194,18.3655,0.197241,0.830141,0.000232936
258-1,0.0504877,2.1143,9.36005,0.0560296,1.06369,0.0129939
259-1,0.350058,12.6494,4.15555,0.218386,0.738488,0.000161938
260-1,0.00728336,1.41058,0.236511,0.379406,0.748735,0.00177177
261-1,0.181288,1.36614,23.6055,0.228905,0.765871,0.000558344
262-1,0.0376036,1.85178,3.34062,0.19403,0.932369,0.00378698
263-1,0.0246852,3.18419,1.08581,0.294833,0.766693,0.000521695
264-1,0.0322874,2.07821,1.56185,0.318267,0.772938,0.00023681
265-1,0.0136486,2.05305,2.13878,0.236844,0.978196,0.00053244
266-1,0.174965,16.1011,1.26453,0.196043,0.744597,8.61933e-05
267-1,0.00512347,0.651049,2.44452,0.366976,0.627099,0.00162991
268-1,0.12384,7.82894,3.39629,0.253425,0.788588,3.46515e-06
269-1,0.0586726,2.35507,1.99593,0.248997,0.887304,0.000519366
270-1,0.031935,2.40231,2.45364,0.276413,0.751767,1.15185e-06
271-1,0.0611987,1.7347,4.88035,0.243856,0.933015,0.000687312
272-1,0.350412,12.9963,3.83563,0.216713,0.73516,0.000198187
273-1,0.0437366,1.97602,2.66517,0.120224,0.896243,0.0117611
274-1,0.00733594,1.67831,0.779365,0.274671,1.90206,0.00566927
275-1,0.480753,16.3616,4.06715,0.195076,0.7826,0.000248347
276-1,0.918826,241.467,0.363598,0.25886,0.740419,1.00049e-06
277-1,0.0470539,1.41365,3.74155,0.298869,0.961263,0.00080623
278-1,0.00521699,1.05495,0.893439,0.13978,0.913219,0.00502605
279-1,0.0135583,1.34869,1.00557,0.343156,0.867664,1.00038e-06
280-1,0.334142,14.4049,2.45344,0.237496,0.635702,5.53893e-05
281-1,0.0102455,1.30823,1.92751,0.306692,0.783728,0.000315318
282-1,0.0990883,2.02108,3.48541,0.312411,0.779537,4.50671e-06
283-1,0.0116226,0.968427,5.30838,0.26405,0.914151,0.00140836
284-1,0.671424,150.227,0.382908,0.232914,0.745297,6.29663e-06
285-1,0.830388,14.6525,11.0168,0.182513,0.800119,0.000255516
286-1,0.80415,58.3997,0.491881,0.0644386,0.789281,0.000402408
286-2,0.812968,59.8658,0.485498,0.0650931,0.783833,0.000302313
287-1,0.0175023,1.74214,2.00779,0.286289,0.859945,0.00192344
288-1,0.140199,8.72954,5.38349,0.283663,0.658645,1.46838e-06
289-1,0.0140183,1.37348,1.47577,0.294711,0.772054,0.000968747
290-1,0.0139512,1.11557,4.41891,0.360205,0.625846,0.000271424
291-1,0.00873198,1.6435,1.73051,0.173253,0.762803,0.0162173
292-1,0.0134985,1.0422,2.1027,0.115633,0.998437,0.00415885
293-1,0.0175441,1.54332,2.4385,0.342561,0.682783,6.66708e-05
294-1,0.0899231,3.79347,8.51804,0.274089,0.814819,6.06635e-06
295-1,0.0278541,2.32145,0.970199,0.253861,0.981676,0.00222595
296-1,0.0183963,2.70825,2.40871,0.307384,0.757033,4.49983e-05
297-1,0.0144883,1.18655,3.38514,0.24186,0.741197,0.00163751
298-1,0.188599,7.49031,3.84171,0.273978,0.906738,0.00106998
299-1,0.0203287,2.3185,0.707055,0.232914,1.08844,0.00296416
300-1,0.0284619,2.67162,1.84185,0.344518,0.898632,1.33807e-05
301-1,0.0122183,2.34669,0.821196,0.318188,0.74426,0.000680656
302-1,0.0369461,1.78098,2.51094,0.33908,0.708002,6.22653e-06
303-1,0.016955,1.15889,1.55256,0.234148,2.30001,0.023903
304-1,0.00838369,1.52279,3.51915,0.177311,0.913182,0.00363789
305-1,0.00576362,0.954912,1.73807,0.317947,0.785331,0.0010882
306-1,0.0478209,5.83083,1.15862,0.298632,0.86877,0.00020323
307-1,0.112726,4.29102,10.2288,0.254098,0.805683,0.000178801
308-1,0.0140227,1.45162,3.28944,0.200309,0.939075,0.00292279
309-1,0.0364703,0.989464,3.6802,0.21081,0.956154,0.00622436
310-1,0.0220494,1.84148,1.97815,0.297578,0.79839,0.00068524
311-1,0.260265,6.15867,11.9833,0.181274,0.91008,0.000262254
312-1,0.0437671,2.08426,5.89905,0.260676,0.867236,0.000463552
313-1,0.0286838,1.94131,3.3344,0.18585,1.00727,0.00127235
314-1,0.0095511,1.85161,1.22803,0.302859,0.788467,0.000161629
315-1,0.0474289,2.69819,5.74738,0.25141,1.00019,0.000443831
316-1,0.0139361,0.984719,4.88414,0.115201,0.706745,0.0134388
317-1,0.0106841,1.88365,0.965868,0.289504,1.26826,0.00514279
318-1,0.208614,2.74032,3.53137,0.262052,0.834265,0.00121426
319-1,0.0161473,3.95265,1.30165,0.155551,0.691802,0.00632389
320-1,0.0765893,6.00724,5.35976,0.279193,0.712248,4.73044e-06
321-1,0.00213837,0.657173,1.02528,0.389515,0.760817,0.000589946
322-1,0.0191089,1.82431,1.39884,0.243447,0.854479,0.00156398
323-1,0.820697,12.2684,15.7838,0.203483,0.797723,0.000222415
324-1,0.213526,12.6264,1.81288,0.224065,0.724415,0.000235814
325-1,0.00805987,0.780503,1.34816,0.261179,0.786881,0.00252257
326-1,0.0482709,1.50095,2.25733,0.294364,0.71585,0.000290494
327-1,0.00843869,0.797631,2.65502,0.334436,0.681013,0.0025395
328-1,0.0247471,1.61303,5.39367,0.240372,0.958266,0.00196712
329-1,0.0208202,1.64592,3.37249,0.136172,0.926716,0.00573979
330-1,0.0411999,2.74169,1.81454,0.315104,1.9161,0.00252618
331-1,0.0167122,1.98833,1.817,0.314998,0.74664,0.00201919
332-1,0.0146071,0.928711,2.89783,0.247446,0.864289,0.0023581
333-1,0.0113172,1.67486,1.82305,0.319424,0.758486,0.000341963
334-1,0.0345557,1.12367,4.08844,0.273146,0.863972,0.00152638
335-1,0.00882375,1.21176,2.34044,0.253058,0.854686,0.00118682
336-1,0.0297982,1.84163,1.95532,0.316283,0.737151,0.000586877
337-1,0.372771,7.47507,9.79753,0.283867,0.718742,1.02308e-06
338-1,0.0120918,1.18014,2.83924,0.249464,0.830271,0.00144714
339-1,0.317666,2.85138,8.57389,0.286083,0.667064,2.48465e-05
340-1,0.00907888,1.14159,2.71679,0.182889,0.992488,0.00269435
341-1,0.0202691,1.41404,6.41025,0.17663,1.01411,0.00335466
342-1,0.0201393,2.51216,1.71505,0.328505,0.717536,0.0006712
343-1,0.272114,13.4484,2.7597,0.239486,0.66019,0.000137172
344-1,0.0246501,2.19446,2.0436,0.214388,0.87116,0.00237654
345-1,0.0197907,1.3137,1.73847,0.179951,0.929453,0.00588119
346-1,0.0390872,2.11411,3.49767,0.274634,0.788424,0.00042826
347-1,0.0109955,0.833263,3.36024,0.284688,0.785455,0.00373733
348-1,0.0175086,1.31354,2.12426,0.217603,0.886918,0.00305267
349-1,0.0213033,1.06646,3.11945,0.35039,0.723846,0.00126424
350-1,0.0273005,1.47799,2.72755,0.309733,0.766352,0.000293204
351-1,0.010809,1.04516,2.03555,0.338891,0.712601,3.32758e-06
352-1,0.04416,2.48814,3.29246,0.212069,1.02017,0.00112608
353-1,0.0448271,2.60076,2.10217,0.303095,0.758143,5.33151e-05
354-1,0.0201665,1.35861,4.13176,0.225815,0.88745,0.00498634
355-1,0.0114878,1.19894,0.999554,0.303953,0.724064,0.00051244
356-1,0.0198567,1.8329,5.25919,0.289301,0.816609,0.000288474
357-1,0.0202166,1.00495,3.07084,0.279106,0.779626,0.00134234
358-1,0.026397,1.75236,1.24993,0.32533,0.729146,1.30348e-06
359-1,0.0146509,2.16517,1.74638,0.374115,0.669448,3.59457e-05
360-1,0.0279915,0.867689,7.30982,0.273483,0.791484,0.000626877
361-1,0.0203278,2.48604,2.37737,0.251706,0.936894,0.00048019
362-1,0.19536,2.07631,15.5262,0.298018,0.719113,5.28488e-05
363-1,1.05049,11.1286,21.6197,0.19752,0.832831,0.000371104
364-1,0.303165,19.2043,1.71134,0.156375,0.589994,5.80931e-06
365-1,0.534177,16.0429,5.13027,0.1643,0.867112,0.000606307
366-1,0.03511,1.86871,3.28903,0.224715,0.842223,0.00216072
367-1,0.257225,10.2134,4.5187,0.241486,0.735645,6.40939e-05
368-1,0.00542916,1.44794,3.01068,0.0676515,0.84221,0.0151421
369-1,0.0244787,1.2786,4.1413,0.164744,0.940993,0.00449561
370-1,0.0048592,1.17134,1.92982,0.0946502,0.898405,0.00759338
371-1,0.173443,3.16862,5.96027,0.326836,0.785675,6.35295e-05
372-1,0.0206167,1.53899,2.44187,0.23212,0.743197,0.00359898
373-1,0.0266998,5.97074,1.26374,0.371337,0.696592,1.2505e-05
374-1,0.0445304,3.57368,1.64219,0.336897,0.825807,0.000163427
375-1,0.0209449,1.09293,3.51007,0.261139,0.841925,0.00686909
376-1,0.0170761,1.2999,4.23863,0.0466251,0.833109,0.012584
377-1,0.37391,15.6215,3.21384,0.202529,0.750856,0.000196458
378-1,0.0109445,1.30167,2.01747,0.204709,0.881859,0.00191977
379-1,0.0235434,1.72889,0.977205,0.253557,0.879017,0.000345021
380-1,0.0152103,1.90595,2.47686,0.347059,0.697715,0.000828325
381-1,0.126114,1.25517,2.49317,0.223017,0.901764,0.000562908
382-1,0.00987803,0.861201,6.50661,0.336082,0.721787,0.000307926
383-1,0.0326788,1.31856,7.55822,0.285303,0.879418,0.00166457
384-1,0.023831,2.10801,2.0233,0.248858,0.910911,0.000533764
385-1,0.0108917,2.0227,1.54619,0.246854,1.08435,0.00132234
386-1,0.95155,516.128,0.350906,0.239229,0.769106,1.00004e-06
387-1,0.0489739,1.23402,2.66984,0.236797,0.911591,0.00154137
388-1,0.281797,3.51799,22.2571,0.153221,2.06934,0.010651
389-1,0.11322,8.44979,7.41804,0.290279,0.663437,4.48972e-05
390-1,0.0144821,1.73754,3.06514,0.172482,1.0044,0.00234423
391-1,0.488618,7.71732,9.78433,0.288236,0.722347,5.84101e-06
392-1,0.0378915,5.31466,4.33895,0.236582,0.841099,6.51769e-06
393-1,0.494087,20.1021,2.88261,0.18269,0.769587,0.000172916
394-1,0.00537804,0.857834,1.38171,0.258571,0.824651,0.000446603
395-1,0.416858,2.18971,44.2223,0.172472,1.32161,0.0026385
396-1,0.707263,6.46694,32.3272,0.176752,0.887225,0.000568678
397-1,0.00499898,1.23148,1.10595,0.359293,1.19146,0.002104
398-1,0.0203686,1.47085,3.52033,0.209097,0.915867,0.0115612
399-1,0.416063,16.137,2.65386,0.233001,0.635159,0.000129148
400-1,0.0190508,1.3273,3.21528,0.220828,0.898197,0.00251593
401-1,0.0195934,1.47223,3.02371,0.13505,0.87916,0.00542446
402-1,0.684669,215.057,0.392539,0.244126,0.729231,7.14354e-06
403-1,1.04784,180.115,0.306191,0.147847,0.834685,9.02536e-05
404-1,0.00690819,2.58982,1.19161,0.0424374,0.874459,0.00775878
405-1,0.029212,1.73298,1.56819,0.229641,0.948423,0.00142358
406-1,0.0217069,1.48741,2.18669,0.292895,0.831726,0.00248431
407-1,0.285007,14.1278,1.84714,0.21688,0.719037,0.000205706
408-1,0.0162909,1.37345,1.82091,0.304245,0.716153,0.00390595
409-1,0.0232809,1.30028,2.06947,0.306214,0.776208,0.000707074
410-1,0.0243113,1.78157,2.59958,0.261602,0.874893,0.00136608
411-1,0.0169999,2.17674,2.32747,0.313262,0.707539,0.00233953
412-1,0.0208375,1.50782,2.83409,0.131306,0.942863,0.00628496
413-1,1.16053,13.8536,19.9542,0.195117,0.854328,0.000255844
414-1,0.025267,1.95282,1.81971,0.240677,0.959695,0.000808164
415-1,0.0250124,1.40385,2.57732,0.183093,0.924666,0.0109723
416-1,0.0174206,1.62901,2.44631,0.117371,0.98792,0.00736015
417-1,0.00720776,1.02623,0.894346,0.273729,0.810501,0.00200127
418-1,0.0132886,3.64648,1.60148,0.220808,0.70143,0.000108228
419-1,0.00657061,2.00035,1.00336,0.266102,0.901499,0.000614794
420-1,0.0140682,1.40897,1.22292,0.215758,2.04699,0.0107206
421-1,0.185933,1.82442,15.7447,0.27,0.680711,1.44541e-06
422-1,0.0101822,1.8591,2.17787,0.210419,0.906128,0.00119168
423-1,0.0243376,1.82662,2.91902,0.259523,0.837151,0.00057251
424-1,0.0115502,1.97012,0.83735,0.244795,0.981418,0.00069768
425-1,0.0209911,1.73764,2.46993,0.304673,0.781175,0.000468027
426-1,0.00751918,1.55875,3.51442,0.0652469,1.00198,0.0155368
427-1,0.0283041,1.47509,4.78619,0.136136,0.910454,0.00630264
428-1,0.0247245,3.02542,0.916133,0.317469,0.752148,0.000684065
429-1,0.011952,1.77094,4.93134,0.0647858,1.12937,0.0303626
430-1,0.0328025,2.05592,3.21387,0.244489,1.3052,0.0025714
431-1,0.411549,11.7382,1.31399,0.243912,0.68466,0.00012311
432-1,0.0134371,1.78657,0.872051,0.358861,0.739346,0.00057516
433-1,0.0123427,0.904873,2.94602,0.154907,0.771818,0.00483788
434-1,0.0188167,2.24194,1.53702,0.293194,0.831283,0.000402075
435-1,0.0117252,1.24348,1.0872,0.27834,1.08732,0.00308143
436-1,0.0100732,2.02912,0.90531,0.321528,0.737939,0.000444811
437-1,0.00980265,2.521,6.63488,0.1505,0.958904,0.00298927
438-1,0.0225795,1.4206,1.99134,0.304884,0.77706,0.000714587
439-1,0.416227,15.913,3.44784,0.199795,0.755288,0.000207933
440-1,0.0504454,3.08626,4.8575,0.305807,0.719095,0.000707689
441-1,0.0297502,2.48449,2.0099,0.156859,1.10333,0.00769905
442-1,0.343814,14.5282,3.46473,0.208045,0.746459,0.000193175
443-1,0.0210349,1.59748,3.98993,0.195936,0.884702,0.0058299
444-1,0.516415,14.8133,5.29783,0.169829,0.850628,0.000609201
445-1,0.468552,0.979677,2.74177,0.291322,0.738495,0.00693688
446-1,0.0406527,5.68674,1.4115,0.215545,0.889606,6.12637e-05
447-1,0.0482821,1.99431,3.14244,0.172726,0.966898,0.00279616
448-1,1.33285,330.155,0.0149332,0.227325,0.917764,2.77162e-06
449-1,0.0180424,1.07792,9.25366,0.236872,0.76727,0.00332994
450-1,0.0169301,1.17464,1.18304,0.252878,0.794413,0.00134621
451-1,0.00456475,2.23541,0.511032,0.315707,0.753782,0.000404745
452-1,0.0516108,2.14858,1.10605,0.2555,0.928144,0.000514211
453-1,0.184633,56.4011,0.0805139,0.0711244,1.39508,0.000752261
453-2,0.941978,163.716,0.350625,0.220718,0.762153,5.43869e-06
454-1,1.07792,128.871,0.297262,0.197705,0.787378,5.83216e-06
455-1,0.0270144,1.51649,2.92822,0.178128,0.931154,0.00879455
456-1,0.0268356,0.981783,4.12043,0.225066,0.722095,0.00619816
457-1,0.0204448,1.29526,1.99216,0.245276,0.838754,0.00376028
458-1,0.0236181,1.35528,8.76516,0.298467,0.757933,0.000262134
459-1,0.0132659,1.41213,2.63995,0.17791,0.930513,0.00349395
460-1,0.00940767,1.3844,1.44905,0.297468,0.759021,0.000643852
461-1,0.0112958,2.23711,1.01135,0.271686,1.52862,0.00518101
462-1,0.0155612,1.07279,2.679,0.179602,0.966546,0.00221914
463-1,0.263402,16.9489,1.20071,0.225225,0.6452,0.000222239
464-1,0.0324741,2.97103,3.16248,0.362037,0.90508,3.02064e-06
465-1,0.0894506,0.599118,2.0643,0.322496,0.723539,0.0135818
466-1,0.515829,23.1674,2.58209,0.173435,0.776198,0.000148138
467-1,0.0161506,2.10994,0.96175,0.228484,1.7284,0.00719598
468-1,0.0116223,0.961437,3.9686,0.318955,0.771539,0.000962414
469-1,0.0767299,2.11628,3.38463,0.225877,0.931353,0.00116334
470-1,0.0183691,1.17838,3.1334,0.192015,0.948928,0.0145789
471-1,0.314353,13.7388,2.98441,0.246089,0.640659,6.14677e-06
472-1,0.00252716,0.78291,0.800618,0.143956,0.864151,0.000614441
473-1,0.358997,15.7632,3.17541,0.202267,0.729586,8.82853e-05
474-1,0.343913,12.4316,4.81377,0.254873,0.670729,0.000129419
475-1,0.0161972,1.55083,2.9079,0.270471,0.949547,0.00246228
476-1,0.162952,4.30486,20.6798,0.269014,1.18024,0.000253685
477-1,0.0248537,2.23455,1.65608,0.22708,0.945161,0.00110914
478-1,0.0541805,1.18695,3.35738,0.348828,0.870439,0.000106754
479-1,0.0191626,1.77146,3.10619,0.319174,0.752152,0.000248836
480-1,0.0188751,1.61355,5.37775,0.208499,1.01336,0.00270236
481-1,0.150547,13.8922,1.33839,0.207294,0.731575,0.000135906
482-1,0.327002,18.096,1.96984,0.169212,0.623889,1.01925e-05
483-1,0.230694,12.6296,2.62272,0.220086,0.722696,0.000124697
484-1,0.458828,10.5414,5.73785,0.237869,0.717434,6.79492e-05
485-1,1.43973,356.255,0.219438,0.191704,0.882964,2.80739e-06
486-1,0.783054,231.059,0.395738,0.2426,0.731191,7.10887e-06
487-1,0.00305302,1.7025,1.31027,0.386213,0.624207,0.000250686
488-1,0.0455691,5.85745,1.50411,0.216716,0.88371,4.89486e-05
489-1,0.424016,11.2956,7.73592,0.218967,0.772762,0.000244655
490-1,0.0205851,2.78938,0.720827,0.300186,0.916227,0.000893942
491-1,0.0385457,1.91377,3.1513,0.260942,0.832305,0.000859834
492-1,0.0212708,1.26718,4.29159,0.165396,0.860224,0.0101407
493-1,1.0937,342.486,0.176254,0.210504,0.869605,1.01498e-06
494-1,0.214791,3.83201,6.0982,0.262044,0.78542,2.31679e-06
495-1,0.0484415,5.13611,1.61003,0.28813,0.786577,0.00112581
496-1,0.37388,10.7577,8.96774,0.180237,1.02356,8.57545e-05
497-1,0.0847579,4.90289,4.92093,0.293203,0.699793,0.00011727
498-1,0.0776475,1.63402,2.6236,0.326687,0.747575,0.000869493
499-1,0.00410574,0.946842,1.15282,0.023511,0.687964,0.0360515
500-1,0.0811759,1.46518,5.02103,0.299841,0.689823,1.02468e-06
501-1,0.0973625,0.89418,13.6584,0.249603,0.609925,1.69839e-06
502-1,0.0144376,1.18236,3.70652,0.318042,0.73983,5.95691e-05
503-1,0.0319771,1.7456,4.97038,0.272188,0.835526,0.000231636
504-1,0.00688142,0.739203,1.57754,0.354293,0.684431,0.00110707
505-1,0.0135444,6.15287,0.875513,0.190564,1.10175,0.000186618
506-1,0.00566213,0.806934,1.21481,0.354742,0.781933,0.00128873
507-1,0.00613426,1.4603,1.47044,0.0664849,1.43331,0.00797317
508-1,0.00434672,0.728589,1.5064,0.107529,1.04484,0.00281564
509-1,0.0696788,1.15897,18.4354,0.246227,0.861165,6.87325e-05
510-1,0.00327491,1.34156,0.0620438,0.215198,0.742494,0.00327417
511-1,0.702048,3.4911,82.5816,0.209457,0.942873,0.000186838
512-1,0.0391384,1.58725,3.49277,0.120985,0.666864,0.00657691
513-1,0.0144994,1.09015,1.62737,0.248334,0.994502,0.00108493
514-1,0.0124805,2.15087,1.94217,0.149374,0.951676,0.00251503
515-1,0.0265323,2.15866,2.19633,0.10783,1.00796,0.00920745
516-1,1.10931,415.527,0.282809,0.230714,0.776618,1.12707e-06
517-1,0.0383705,2.05736,2.30942,0.240412,0.899514,0.00159032
518-1,0.0389733,2.0883,1.90015,0.257662,0.84403,0.00153727
519-1,0.0210763,1.48221,2.56523,0.0471647,0.981911,0.0227265
520-1,0.00426999,1.57507,0.451718,0.29933,0.781158,0.000602633
521-1,0.0284966,1.49124,2.04451,0.302324,0.781679,0.00088294
522-1,0.5,0.5,0.5,0.360594,0.611415,0.5
523-1,0.00217057,0.267188,1.63822,0.188927,1.59558,0.00763165
524-1,0.572396,7.94894,16.9669,0.234316,0.857252,0.0005212
525-1,0.311878,2.45315,9.45743,0.308289,0.691752,1.02875e-06
526-1,0.00303246,0.867146,1.1517,0.236517,1.48225,0.0207668
527-1,0.0117834,1.22132,2.02136,0.239041,0.843297,0.00191705
528-1,0.0144883,0.804237,3.74864,0.305605,0.648958,0.00151264
529-1,0.0250167,1.36137,3.19769,0.0618987,0.799561,0.0156945
530-1,0.0234357,0.959528,2.16092,0.329765,0.786815,0.00198781
531-1,0.0369971,1.58353,4.77319,0.253252,0.853518,0.000655021
532-1,0.00661676,1.03103,3.13487,0.437732,0.584765,0.000821552
533-1,0.684683,11.4952,28.2521,0.176775,0.355299,2.93698e-05
534-1,0.00207905,0.472783,1.09931,0.248569,0.816593,0.00047237
535-1,0.0904736,2.18354,7.32177,0.233083,0.824607,0.00046532
536-1,0.0048391,1.53918,1.14861,0.115917,0.899078,0.00174833
537-1,0.0255505,1.32864,4.4195,0.298902,0.698213,1.08313e-06
538-1,0.104204,19.7542,2.13715,0.160195,0.850721,7.81988e-05
539-1,0.0684531,6.8773,5.96727,0.253244,0.803242,3.44765e-05
540-1,0.495266,13.2275,4.71135,0.23707,0.695572,0.000246131
541-1,0.165125,1.70605,10.6465,0.265429,0.807835,0.000335546
542-1,0.0306606,0.935814,5.01763,0.272303,0.740564,4.52765e-05
543-1,0.427095,5.53055,6.27017,0.260916,0.702317,8.11148e-06
544-1,0.0217969,0.880187,2.90649,0.189838,0.895529,0.00362081
545-1,0.00667743,1.15215,1.34179,0.309317,0.808563,0.000431024
546-1,0.165543,8.40192,5.43075,0.224428,0.835274,0.0002921
547-1,0.00857696,0.869659,3.15431,0.29814,0.765009,0.000880861
548-1,0.45261,9.99383,6.84474,0.275865,0.725449,0.000249419
549-1,0.00361073,0.693859,1.46195,0.26609,0.929098,0.000418599
550-1,0.0134288,0.769666,2.38472,0.119606,1.04844,0.0147005
551-1,0.789613,88.6172,0.368069,0.133201,1.0271,0.000183292
552-1,0.00591982,0.563383,1.42698,0.165871,0.846405,0.00263743
553-1,0.0826743,8.86643,2.80128,0.239968,1.02025,0.000850666
554-1,0.00638831,1.0645,3.52921,0.114471,0.989346,0.00280048
555-1,0.152672,11.7163,2.72749,0.250928,0.692663,1.08922e-06
556-1,0.0106869,0.998565,2.96987,0.281389,0.728885,0.000607744
557-1,0.0118259,1.17031,3.99808,0.108328,0.880853,0.00434061
558-1,0.00454366,0.422999,1.14305,0.329653,0.718633,1.00255e-06
559-1,0.0409678,1.39499,3.33649,0.0690436,0.86746,0.0210856
560-1,0.0168701,1.82666,3.73338,0.102809,1.08435,0.0207823
561-1,0.00623563,0.550991,2.91791,0.291257,0.900001,0.000614422
562-1,0.0481728,2.70856,9.1575,0.284663,0.87355,0.00014476
563-1,0.0297925,1.51692,3.52168,0.187016,0.81596,0.00119208
564-1,0.00204567,0.290384,0.609987,0.310364,0.713632,0.000247878
565-1,0.00839695,1.2439,0.724953,0.221625,0.954249,0.00222266
566-1,0.244697,15.1364,1.48577,0.244979,0.691529,0.000288547
567-1,0.0225738,0.987872,3.17986,0.0633437,0.921105,0.0181086
568-1,0.160117,9.44006,3.29823,0.207589,0.679572,7.36294e-06
569-1,1.14444,468.239,0.267969,0.21903,0.814183,3.48582e-06
570-1,0.275283,14.3262,2.34808,0.248046,0.689742,0.00017601
571-1,0.219193,7.74942,2.97995,0.242023,0.880434,8.57661e-05
572-1,0.00515453,0.640612,1.46116,0.254125,0.803536,0.00264146
573-1,0.179336,2.35874,8.50797,0.108186,1.03469,0.00739928
574-1,0.228383,6.09014,6.73502,0.218061,0.769453,5.37387e-05
575-1,0.846095,11.8639,9.73688,0.187154,0.818028,0.000270772
576-1,0.00589933,0.68903,2.03129,0.283727,1.22142,0.00111667
577-1,0.0291905,1.40549,4.22604,0.145175,0.980365,0.00344414
578-1,0.013999,1.30553,2.01759,0.116891,1.00133,0.0208557
579-1,0.0129185,1.26495,3.92506,0.355244,0.666638,0.00119242
580-1,0.183158,14.2523,2.54888,0.162248,1.08617,0.000263505
581-1,0.0125508,1.01084,2.81015,0.274811,0.90798,0.00342034
582-1,0.0227279,1.31843,4.04995,0.233874,0.909808,0.00441702
583-1,0.413309,9.18269,12.6525,0.236361,0.722505,9.704e-05
584-1,0.0356503,1.60738,6.28152,0.184075,0.973092,0.00346064
585-1,0.0190621,1.17732,3.44135,0.0699629,0.925005,0.00813688
586-1,0.00718025,0.73139,1.02921,0.152777,0.959223,0.00565048
587-1,0.474613,16.8129,3.62253,0.192322,0.896462,1.02792e-06
588-1,0.0992744,1.71314,5.5649,0.319827,0.68796,0.000608961
589-1,0.0110969,1.30995,5.36828,0.295207,0.647436,8.56021e-05
590-1,0.0174945,1.29583,2.45397,0.250359,0.921597,0.00952995
591-1,0.497625,13.4685,4.70291,0.236865,0.690598,0.00024477
592-1,0.47246,12.3507,6.27345,0.255056,0.71507,0.000245924
593-1,0.0111938,0.726442,2.38169,0.124791,1.02586,0.00907087
594-1,0.0327378,1.88725,1.35811,0.195439,0.670075,0.0025105
595-1,0.00295579,0.308228,0.888824,0.319542,0.716198,0.000499256
596-1,0.00450957,0.720867,1.83964,0.233346,0.876038,0.00054455
597-1,0.0450857,1.99741,4.96421,0.367596,0.763139,0.0034743
598-1,0.0287582,1.68694,3.5313,0.150833,0.973782,0.00263765
599-1,0.132405,5.91511,3.03582,0.258982,0.819492,1.13117e-05
600-1,0.00614366,0.741698,2.36884,0.211982,0.773368,0.00187267
601-1,0.0199819,1.68297,1.5504,0.16977,0.880652,0.00533038
602-1,0.195397,10.2518,3.8893,0.270108,0.708081,0.00014537
603-1,0.0732729,5.59576,2.66354,0.26363,0.833521,1.70944e-05
604-1,0.14321,6.74563,5.9632,0.232856,0.786958,5.78561e-05
605-1,0.00921368,0.828931,2.69804,0.1234,0.868277,0.00635923
606-1,0.00128706,0.302021,0.593997,0.286342,0.759133,0.000312927
607-1,0.266522,9.10756,6.61241,0.223156,0.833408,8.50999e-05
608-1,0.196194,2.47804,8.80025,0.211655,0.848311,0.00193916
609-1,0.0349314,0.702349,2.75041,0.213067,0.906569,0.00019252
610-1,0.00940989,1.47498,3.09957,0.21411,0.758878,0.0128224
611-1,0.167568,2.90149,8.18835,0.277523,0.772813,0.000115086
612-1,0.0094238,1.11995,2.93456,0.0286404,0.730193,0.036719
613-1,0.580365,15.3408,4.365,0.189163,0.820563,0.000155745
614-1,0.196541,13.2781,2.83488,0.184994,1.00014,0.000202181
615-1,0.344394,6.416,22.8456,0.154994,0.717761,0.00171409
616-1,0.53373,7.26455,13.3942,0.260478,0.838009,0.000457915
617-1,0.00998003,1.40698,4.75483,0.0762175,0.995993,0.00791795
618-1,0.0223687,1.21116,3.65843,0.176467,0.916628,0.00218506
619-1,0.00214973,0.301012,0.566337,0.316205,0.690688,0.000167244
620-1,0.00623616,0.866669,2.28227,0.185484,0.707958,0.0037112
621-1,0.219797,11.4957,2.63617,0.263166,0.686666,0.000171595
622-1,0.00479625,0.650061,2.08989,0.343227,0.799886,0.00023047
623-1,0.0723101,7.29861,2.2657,0.261481,0.683029,1.01831e-05
624-1,0.00323018,0.51994,1.24106,0.0868143,1.20904,0.00760727
625-1,0.0163546,0.352102,1.20759,0.211975,0.83763,0.00578425
626-1,0.161488,8.35847,12.0937,0.250131,0.740914,3.6618e-05
627-1,0.00569783,0.719304,1.36237,0.0110312,0.645048,0.178018
628-1,0.149598,7.4129,2.54788,0.260778,0.823688,6.28461e-06
629-1,0.022956,1.3206,4.9067,0.264676,0.958303,0.00300271
630-1,0.100244,5.21455,4.57052,0.257947,0.713562,7.04969e-05
631-1,0.0119962,1.02502,3.47348,0.314321,0.797464,0.000224534
632-1,0.0326922,1.34865,3.2479,0.25684,0.849652,0.00419855
633-1,0.140705,15.5891,0.829314,0.24022,0.662267,0.000148818
634-1,0.208081,6.93051,3.40486,0.258421,0.87934,0.000226707
635-1,0.00214337,0.464502,1.21817,0.255525,1.035,0.00227098
636-1,0.0669545,2.32744,6.37242,0.129353,0.42199,0.00485683
637-1,0.0295983,2.51095,2.1825,0.205248,0.813641,0.00388481
638-1,0.0918342,3.57374,6.78538,0.298871,1.01905,0.00354184
639-1,1.09849,445.822,0.166963,0.274706,0.830687,3.88214e-06
640-1,0.0170441,1.59561,3.41305,0.224112,1.25234,0.012811
641-1,0.365139,10.5768,5.06907,0.26607,0.690215,0.00019279
642-1,0.0136671,0.79607,1.87556,0.0964702,0.895875,0.0161235
643-1,0.0378457,0.961372,6.60054,0.259874,0.823743,0.000383014
644-1,0.373444,16.5318,2.2767,0.232869,0.690273,0.000345604
645-1,0.0118933,1.34829,2.82771,0.208425,0.859491,0.00786905
646-1,0.0369592,1.88524,5.03185,0.0587422,1.90942,0.0215339
647-1,0.0148394,1.17461,4.06555,0.407446,0.67473,0.00124969
648-1,0.00186771,0.460567,0.643135,0.291586,0.819219,0.000415107
649-1,0.0136282,1.1767,3.92454,0.22954,0.995788,0.00349882
650-1,0.0881855,2.66047,6.08831,0.198334,1.14148,0.00297166
651-1,0.187687,13.6505,1.6048,0.238258,0.721674,8.37582e-05
652-1,0.0660695,5.81249,4.12199,0.217256,0.863924,7.40228e-05
653-1,0.327351,10.2311,7.21546,0.217021,0.843943,0.000102864
654-1,0.204721,8.14125,7.02906,0.234399,0.817014,0.000267963
655-1,0.0955012,2.38621,5.40708,0.344971,0.712163,1.56144e-06
656-1,0.0120541,0.474226,1.25766,0.0398327,0.780634,0.0414059
657-1,0.131767,6.15188,3.65351,0.258656,0.882376,7.8515e-05
658-1,0.296559,9.08667,22.4075,0.139176,0.506335,6.49548e-06
659-1,0.00690027,0.435169,0.732423,0.232987,0.826378,0.0014351
660-1,0.0056164,0.611307,2.00868,0.172412,0.866003,0.00240765
661-1,0.0116141,1.14989,3.92343,0.126973,0.874648,0.00422458
662-1,0.00288196,0.430039,1.17782,0.311164,0.777009,0.00029151
663-1,0.0167603,1.02666,2.58744,0.215498,0.938952,0.00248596
664-1,0.00856603,2.69491,5.20925,0.195248,0.931119,0.00350486
665-1,0.00841716,0.40115,1.45277,0.304971,0.726179,0.000665348
666-1,0.32912,22.4019,0.873376,0.224232,0.653892,0.000226497
667-1,0.034471,1.93367,6.24298,0.387084,0.703582,1.73556e-06
668-1,0.646681,3.45792,10.1909,0.253999,0.870511,0.00203939
669-1,0.214253,10.4233,3.9764,0.27622,0.690071,8.77066e-05
670-1,0.0419272,9.967,0.378794,0.0723476,0.991753,0.00804106
671-1,0.00590094,0.631008,2.08639,0.182178,0.848463,0.00207713
672-1,0.0102045,1.22343,2.70835,0.0522333,0.837245,0.00504533
673-1,0.00216512,0.495473,0.746949,0.289054,0.904983,0.00109387
674-1,0.00306622,0.490124,1.1706,0.310212,0.742209,0.000178227
675-1,0.205392,15.7663,1.17739,0.236053,0.688403,1.69706e-06
676-1,0.00741006,0.880676,3.04871,0.178653,0.836898,0.00223576
677-1,0.0467549,6.95878,4.58842,0.203483,0.901343,0.000234246
678-1,0.0165237,0.395743,4.71718,0.322719,0.695109,0.000495161
679-1,0.00254252,0.623344,1.28296,0.243714,0.694928,0.000296703
680-1,0.31644,13.0943,2.70766,0.260567,0.696176,0.000173925
681-1,0.195785,2.76734,11.6103,0.15896,1.06001,0.00241266
682-1,0.0057132,1.11257,3.77501,0.0755348,1.01128,0.00549991
683-1,0.00831733,1.74889,1.27162,0.124898,0.864235,0.00377215
684-1,0.0176671,0.991444,2.97927,0.168706,1.07369,0.00351575
685-1,0.000358848,0.389333,0.105091,0.323286,0.719459,0.00027056
686-1,0.191062,6.4668,4.51473,0.259606,0.855523,3.12772e-06
687-1,0.109443,3.61331,11.8967,0.396932,0.551171,0.000896248
688-1,0.395702,7.28331,25.38,0.19988,0.938663,0.00169124
689-1,0.00849426,0.618006,1.58264,0.240692,0.907623,0.00131042
690-1,0.813606,3.08421,92.3492,0.304295,0.688759,2.63009e-05
691-1,0.00822253,0.749778,2.27691,0.191622,0.814159,0.0034405
692-1,0.0048789,0.642358,2.11428,0.113033,0.874374,0.00464597
693-1,0.207159,12.4701,2.23644,0.243779,0.661339,1.71319e-06
694-1,0.242157,3.99867,5.33482,0.110313,0.977019,0.00547935
695-1,0.0223005,1.53103,5.85176,0.32157,0.829484,0.000222277
696-1,0.00282262,0.521244,0.705996,0.200209,0.912112,0.00248675
697-1,0.0123027,1.57037,2.54908,0.300457,0.833732,0.000427376
698-1,0.943098,9.13903,15.2375,0.207232,0.90998,0.000399544
699-1,0.00426422,1.0502,0.801329,0.29647,0.8516,0.000835969
700-1,1.18721,215.812,0.255179,0.191543,0.857501,1.05395e-05
701-1,0.00580935,0.590287,3.50021,0.124881,0.893748,0.00487632
702-1,0.125028,3.93851,12.693,0.395486,0.69969,0.00165128
703-1,0.588302,12.0808,5.73921,0.267966,0.694569,0.000248985
704-1,0.185815,8.30032,6.46606,0.240733,0.79064,0.000151421
705-1,0.0171932,1.16306,2.71217,0.328628,0.724429,0.000394013
706-1,0.325123,8.66258,5.67996,0.234379,0.846385,7.90945e-05
707-1,0.0105124,1.22799,1.88033,0.261113,0.761146,0.00294709
708-1,0.553588,15.224,5.95382,0.168751,0.996756,0.000150044
709-1,0.0261878,1.35275,4.04201,0.168062,1.11528,0.00304556
710-1,0.226456,8.44084,2.2192,0.238764,0.828915,0.000100446
711-1,0.000958278,0.269629,0.473252,0.313198,0.723837,0.000203686
712-1,0.00403109,0.543173,0.859403,0.192862,1.22239,0.00690968
713-1,0.793147,296.389,0.147373,0.269867,0.857344,2.78994e-06
714-1,0.00903358,1.04571,1.90051,0.203519,0.735399,0.00236978
715-1,0.023751,0.975734,2.21748,0.243128,0.799982,0.0041165
716-1,0.682267,10.2598,7.80974,0.181875,0.816387,0.000438079
717-1,0.156748,12.2799,3.35289,0.246888,0.715813,0.000159226
718-1,0.0446898,2.90323,7.82583,0.21296,0.790007,0.00360218
719-1,0.765207,9.70465,8.58069,0.226674,0.866397,0.000171311
720-1,0.208146,8.88612,5.58162,0.228828,0.930841,0.000523078
721-1,0.0482176,1.21704,4.15854,0.0489544,0.864867,0.0160255
722-1,1.25467,471.789,0.0716549,0.261522,0.855432,5.25595e-06
723-1,0.00680947,0.562274,1.40155,0.273111,0.763491,0.000693916
724-1,0.0222083,0.816336,2.28645,0.224429,0.831764,0.00245686
725-1,0.189611,12.8252,1.71817,0.253573,0.688095,6.91608e-06
726-1,0.000560074,0.266829,0.565659,0.0461813,0.716613,0.0131017
727-1,0.0194496,0.889343,2.16336,0.138855,0.806454,0.00928313
728-1,0.0125684,1.20742,4.36285,0.27463,0.833041,0.000117608
729-1,0.0398796,2.17945,7.53201,0.133547,1.0003,0.00159975
730-1,0.237472,11.5909,2.88918,0.262314,0.696432,0.000202577
731-1,0.207051,9.63087,5.62057,0.278446,0.693016,0.000147014
732-1,0.155065,9.0038,3.73482,0.253382,0.74694,3.24926e-06
733-1,0.0210969,0.989743,3.50758,0.171567,0.826133,0.00787511
734-1,0.178536,14.1599,2.77259,0.250089,0.719689,2.80079e-05
735-1,0.00366845,0.333389,0.428015,0.303689,0.730405,0.000382304
736-1,0.187369,3.08835,11.0849,0.194425,2.27779,0.00574378
737-1,0.954464,12.8657,11.3717,0.188678,0.81974,0.000193059
738-1,0.0168978,1.13427,2.79548,0.129968,0.864253,0.00860896
739-1,1.26636,535.068,0.0725965,0.261043,0.84799,4.75225e-06
740-1,0.194407,7.16807,12.2177,0.16268,0.761436,0.000130476
741-1,0.774921,4.16101,13.2154,0.323057,0.722389,1.00522e-06
742-1,0.013337,0.64049,3.27099,0.348632,0.977886,0.00126984
743-1,0.47924,12.8699,2.96118,0.216077,0.824471,2.73266e-06
744-1,0.0733305,1.09846,1.79905,0.158332,1.11474,0.0053604
745-1,0.0147339,1.25254,4.75244,0.229389,0.95569,0.000507082
746-1,0.161647,8.57966,3.53931,0.291375,0.704171,9.78438e-05
747-1,0.0262986,1.31014,4.0539,0.224889,0.918699,0.000861602
748-1,0.119784,5.13104,12.9202,0.237241,0.793027,0.000189683
749-1,2.82073,10.798,8.81119,0.161292,1.75809,0.000568924
750-1,0.0033933,0.46307,1.02318,0.285768,0.785085,0.00152236
751-1,0.00287795,0.479167,1.38926,0.196919,0.757049,0.00174384
752-1,0.0522381,2.71739,4.83431,0.283691,0.948967,0.000352571
753-1,0.0651178,1.68284,4.8452,0.201486,0.639804,0.00364288
754-1,0.199078,10.7876,3.14255,0.2552,0.664893,7.88918e-06
755-1,0.00339153,1.08919,1.14769,0.0789205,0.812634,0.0175718
756-1,0.309957,7.81885,14.1112,0.251643,0.746938,3.09936e-05
757-1,0.0505964,0.974483,3.22754,0.154479,0.822311,0.00661882
758-1,0.475675,11.0198,5.24986,0.239038,0.6901,8.54815e-05
759-1,0.0339004,0.934572,6.26268,0.260561,0.825512,0.000374545
760-1,0.00237557,0.500613,1.24515,0.302186,0.684607,0.00113092
761-1,1.1531,188.513,0.268314,0.198973,0.820759,2.67825e-06
762-1,0.816251,87.1321,0.686129,0.228363,0.774951,8.62112e-05
763-1,0.0179526,0.811308,6.86901,0.287374,0.76678,0.000545257
764-1,0.00727248,1.29796,2.73861,0.110565,0.703094,0.00264967
765-1,0.286187,6.83633,6.06728,0.251401,0.900589,0.000319912
766-1,0.00182333,0.463252,1.31837,0.26569,1.04175,0.000742189
767-1,0.043325,2.34053,8.74228,0.280927,2.02447,0.0026453
768-1,0.0119213,0.657203,7.20362,0.324668,0.824148,0.000330396
769-1,0.0318221,1.0634,3.33358,0.0852341,0.755343,0.0231586
770-1,0.789519,13.9564,6.53351,0.195167,0.819611,0.000156535
771-1,0.00428706,0.730411,0.453116,0.310081,0.772367,0.00117896
772-1,0.0157873,1.14034,3.82176,0.19069,0.967332,0.00355743
773-1,0.00617926,1.84101,1.99803,0.094771,1.01896,0.0229459
774-1,0.309114,8.59439,9.39445,0.203522,0.595019,4.04659e-06
775-1,0.0144896,0.999413,3.57503,0.317531,0.805325,0.000276725
776-1,0.00551826,0.720761,1.80994,0.171681,0.957147,0.00171793
777-1,0.00247031,0.464223,0.982861,0.327532,0.770227,0.000776275
778-1,0.0117421,1.37034,3.47782,0.338214,0.64094,0.000552263
779-1,0.0967299,2.5266,7.36404,0.153734,0.952529,1.79869e-05
780-1,0.0049386,0.737752,1.26987,0.284676,0.817058,0.000696627
781-1,0.0129061,0.935364,2.77869,0.254726,1.12793,0.0015023
782-1,1.01737,444.097,0.2953,0.314355,0.736274,3.89189e-06
783-1,0.271031,8.04397,4.7411,0.231623,0.82225,1.74874e-05
784-1,0.770274,151.492,0.426607,0.220812,0.680904,3.0406e-06
785-1,0.00628063,0.732037,2.42053,0.0620222,0.930365,0.009124
786-1,0.00876676,1.29338,2.62356,0.0863693,1.00115,0.0238906
787-1,0.00759705,0.540262,1.60273,0.161897,0.868914,0.00493478
788-1,0.000842247,0.641895,1e-06,0.317525,0.703482,0.000879514
789-1,0.107973,2.46252,8.88573,0.181863,0.907601,0.00134297
790-1,0.411218,10.5368,4.62195,0.177721,0.805396,1.68454e-06
791-1,0.0178549,1.07471,1.57204,0.220683,0.78096,0.00358687
792-1,0.017578,1.26302,4.42695,0.0937934,1.00829,0.0103747
793-1,0.00147056,0.685137,2.2032,0.101016,1.20116,0.00253467
794-1,1.00598,185.969,0.328833,0.216307,0.780487,1.59844e-06
795-1,0.00606432,1.18609,0.823121,0.198004,0.990986,0.00212898
796-1,0.00905012,1.41404,0.935592,0.317884,0.549296,4.49384e-06
797-1,0.748812,321.735,0.430814,0.235605,0.69085,1.90267e-06
798-1,0.00483948,0.854329,2.00547,0.190929,0.709649,0.00306186
799-1,0.00345335,0.70854,0.701861,0.0804034,1.14577,0.0103546
800-1,1.30825,222.244,0.115481,0.174671,0.924516,1.07738e-06
801-1,0.101252,7.29522,4.28926,0.228699,0.755856,1.08397e-05
802-1,0.00562966,0.514389,1.39532,0.214952,0.75081,0.00403691
803-1,0.086627,5.8103,4.22088,0.27744,0.902725,3.51737e-05
804-1,0.405658,9.42393,6.21529,0.230192,0.8312,5.71689e-05
805-1,0.14692,3.15166,11.5148,0.179417,1.05104,0.00156593
806-1,0.0155082,2.04226,2.12768,0.119988,0.830237,0.00488135
807-1,0.0482141,2.07475,10.3842,0.252161,1.07242,0.000390729
808-1,0.202009,8.68602,5.95447,0.235028,0.732622,0.000128454
809-1,0.0092336,1.34808,0.593827,0.0382208,1.14341,0.0100085
810-1,0.00475368,0.541814,1.49179,0.272728,0.739197,0.00253748
811-1,0.0111772,0.786083,2.41147,0.125066,1.05016,0.00900093
812-1,0.0047343,0.763875,1.57719,0.0218438,0.638059,0.0467888
813-1,0.195396,15.4387,1.0831,0.23333,0.686563,0.000181025
814-1,0.0748969,2.59504,8.63527,0.174909,0.890952,0.000984511
815-1,0.0117122,1.95884,5.25264,0.266693,1.20902,0.00180274
816-1,0.0019401,0.379727,0.696697,0.00610035,0.7917,0.0891993
817-1,0.00667357,0.481403,2.42893,0.19218,0.740275,0.00156599
818-1,0.00334029,0.514557,0.906518,0.0116104,0.704963,0.109558
819-1,0.231564,8.34077,9.51971,0.230854,0.808576,2.22569e-05
820-1,0.0465938,2.45096,8.8735,0.323405,1.46678,0.00542696
821-1,0.177486,15.4629,1.68851,0.239588,0.67574,0.000160829
822-1,0.000814184,0.271236,0.316653,0.3251,0.69754,0.000236917
823-1,0.00434557,0.779272,1.79381,0.0125864,0.630879,0.0948448
824-1,0.235697,17.7032,1.2919,0.245326,0.706748,8.5939e-06
825-1,0.000567869,0.209981,0.276556,0.00894763,0.688439,0.0521091
826-1,0.155525,2.61665,5.14739,0.205669,1.02829,0.00535871
827-1,0.139489,8.31333,3.02741,0.293554,0.700163,8.95465e-05
828-1,0.0180012,1.51783,1.71613,0.148717,0.853907,0.00571147
829-1,0.204022,6.93754,4.19769,0.256372,0.705512,0.000363878
830-1,0.192499,6.67231,10.4617,0.221081,0.903356,0.000341563
831-1,0.13561,4.10885,11.3984,0.184965,1.2244,0.00145248
832-1,0.297305,96.4792,0.0211907,0.0624383,5.84798,0.024068
833-1,0.263606,3.67634,13.4207,0.174923,1.02316,0.00193654
834-1,0.0094433,0.79458,2.03377,0.0771506,1.03191,0.00683983
835-1,0.00743891,0.867175,2.31904,0.0966244,0.720198,0.0123288
836-1,0.0392468,2.15955,6.22653,0.393518,0.637495,0.00146658
837-1,0.0207389,0.953594,3.39825,0.285574,0.72498,0.00084403
838-1,0.111218,5.87289,4.04446,0.257261,0.824918,1.73695e-05
839-1,0.0283932,0.788569,2.5932,0.332367,0.71121,1.22872e-06
840-1,0.240678,11.9126,4.28003,0.158984,0.562076,1.45178e-05
841-1,0.0175366,3.81514,1.48673,0.105529,0.95458,0.00237261
842-1,0.00990989,0.360292,1.81926,0.312352,0.715897,0.000742599
843-1,0.223018,17.1744,1.00809,0.228664,0.705006,0.000107911
844-1,0.00480625,0.623365,1.1659,0.0425037,0.665839,0.0361797
845-1,0.142522,9.20985,6.06987,0.287877,0.732519,1.02141e-05
846-1,0.00482357,0.489614,1.61457,0.32657,0.720073,0.000332277
847-1,0.0304435,1.20581,3.56586,0.244233,0.883192,0.000533004
848-1,0.765517,161.483,0.474348,0.233036,0.751651,1.18008e-06
849-1,0.856254,289.064,0.404581,0.216913,0.782531,1.01788e-06
850-1,0.0205102,1.16547,3.64206,0.131368,0.934634,0.00361374
851-1,0.0273872,1.61601,5.43399,0.292349,0.670707,0.00307899
852-1,0.00780159,1.45066,1.21227,0.340614,0.718866,1.00039e-06
853-1,0.0067365,0.792724,1.54477,0.0151119,0.647053,0.128865
854-1,0.00642298,0.796561,2.58692,0.0108834,0.78886,0.0698209
855-1,0.195751,13.0908,2.66807,0.247544,0.683594,1.27055e-06
856-1,0.0181102,1.39882,3.74225,0.0891769,0.8511,0.0124965
857-1,0.0254913,1.7848,5.05352,0.221593,0.849874,0.000732278
858-1,0.00257552,0.500457,1.24946,0.377758,0.676747,0.000605948
859-1,0.371162,3.62984,15.7869,0.209607,0.834472,0.000814637
860-1,0.0880637,5.99811,3.19074,0.209348,0.917462,0.000140715
861-1,0.0157532,1.02832,3.61296,0.18383,0.941008,0.00386843
862-1,0.000536414,0.208874,0.278053,0.021916,0.687752,0.0192167
863-1,0.368119,4.5998,17.0489,0.304168,0.919071,0.00117208
864-1,0.505421,25.1595,1.15188,0.229218,0.739537,0.000192201
865-1,0.177931,7.85791,5.62353,0.237293,0.729957,0.000102753
866-1,0.00332886,0.640578,1.15299,0.30501,0.734153,0.000407375
867-1,0.366099,8.89866,9.45286,0.22446,0.702215,8.62995e-05
868-1,0.429992,11.1511,7.20867,0.230414,0.736136,0.000160377
869-1,0.0219142,1.28293,2.8917,0.26179,0.790851,0.000478664
870-1,0.000546893,0.216299,0.222845,0.00616673,0.699711,0.0835925
871-1,0.134308,3.1677,3.13068,0.185223,0.794912,0.00285193
872-1,0.0870217,1.12179,21.5007,0.0944744,2.1232,0.0226189
873-1,0.00560686,0.608841,1.56645,0.109482,0.889377,0.00437345
874-1,0.0229956,1.20616,3.89354,0.1566,1.00402,0.00319179
875-1,0.1479,8.92732,3.16514,0.280447,0.711464,0.000142749
876-1,0.0352802,1.30231,4.70354,0.200315,1.02127,0.00419749
877-1,0.0185312,0.707544,2.37061,0.184539,0.952197,0.00652508
878-1,0.274965,8.42448,5.70978,0.226284,0.837468,0.000122155
879-1,0.00064374,0.191477,0.13161,0.318719,0.69024,0.000159391
880-1,0.00897506,0.949536,2.37422,0.0805578,0.898961,0.0124577
881-1,0.124066,13.1466,1.92846,0.176924,1.03169,0.000214878
882-1,0.0312541,1.25015,4.60383,0.151022,1.04949,0.00452283
883-1,0.10969,7.93064,4.34243,0.171108,0.747719,0.000543241
884-1,0.0340084,2.77347,9.05999,0.253002,0.755418,1.83292e-06
885-1,0.0862436,0.571401,1.50415,0.344822,0.783381,0.00984518
886-1,0.256183,15.8292,2.47912,0.248068,0.737445,0.000209853
887-1,0.023271,0.790892,6.66951,0.264157,0.813031,0.000274174
888-1,0.307975,13.9551,2.82262,0.24165,0.700929,0.000188355
889-1,0.000888305,0.426699,0.957295,0.25773,0.81418,0.000234733
890-1,0.0125065,0.91325,2.91246,0.216364,0.886133,0.00328106
891-1,0.0100815,1.7593,4.18063,0.193307,0.694623,0.00329538
892-1,0.00612921,0.775531,1.48824,0.120646,0.741993,0.00746282
893-1,0.0207087,1.13512,5.30635,0.235972,1.21258,0.00374016
894-1,0.363914,12.3459,3.26059,0.235308,0.758011,0.00012099
895-1,0.282247,10.1642,11.1396,0.270293,0.752788,0.000206266
896-1,0.357873,12.44,3.19094,0.236376,0.772417,0.000156813
897-1,0.374668,10.2817,7.51397,0.219029,0.836597,8.68409e-05
898-1,0.0858404,7.33264,6.58672,0.20368,0.866604,0.000290285
899-1,0.01804,5.32003,0.184707,0.130387,0.453752,0.00122257
900-1,0.0247747,1.00939,3.1846,0.317665,0.648832,0.000186565
901-1,0.00724101,0.914693,1.85525,0.109348,0.6877,0.00628161
902-1,0.00581868,1.0466,1.46972,0.259068,0.718289,0.000492211
903-1,0.00643236,0.76809,2.39702,0.120226,0.851656,0.0053653
904-1,0.295481,12.9003,3.39391,0.246086,0.677321,0.000104427
905-1,0.0139951,1.08011,2.84779,0.245904,0.803393,0.000427547
906-1,0.0381022,1.12409,3.91544,0.157731,0.813301,0.00540866
907-1,0.0202256,0.783516,2.65436,0.0758627,0.965564,0.023854
908-1,1.05922,584.857,0.141598,0.314931,0.683849,1.0729e-06
909-1,0.028662,1.20211,3.21623,0.181871,0.877342,0.00602162
910-1,0.223356,15.19,1.39013,0.243091,0.702404,0.000324637
911-1,0.104642,6.13464,8.17539,0.28962,0.744082,9.37753e-05
912-1,0.0165333,1.28516,2.97176,0.142881,0.758257,0.00995821
913-1,0.0318977,1.673,4.08107,0.336518,0.751783,0.000417902
914-1,0.0142011,1.03737,4.23557,0.221787,0.90619,0.00114363
915-1,0.019988,1.68029,3.38512,0.0928339,0.87739,0.0278262
916-1,0.241946,10.3201,5.9961,0.245128,0.743557,9.88426e-05
917-1,0.0195781,1.58702,4.09248,0.411327,0.567505,2.57284e-05
918-1,0.47285,18.0668,0.98393,0.197882,0.779908,0.000228635
919-1,0.0640082,0.884544,1.95762,0.0894741,1.34881,0.0209303
920-1,0.010201,0.838888,3.16321,0.13077,1.64032,0.00459031
921-1,0.382335,6.11247,20.2577,0.245125,0.783323,0.000107889
922-1,0.4235,9.96429,7.18176,0.224005,0.848593,9.89343e-05
923-1,0.00992248,2.82704,1.13189,0.0772739,0.996203,0.00359761
924-1,0.00944592,1.81575,1.37775,0.131249,0.951149,0.00261032
925-1,0.00647598,1.35146,2.28485,0.238606,0.952223,0.00217977
926-1,0.00508885,0.906648,1.29452,0.118744,0.739746,0.00457197
927-1,0.0244184,1.17023,3.5064,0.215114,1.08973,0.00206146
928-1,0.00641041,1.25621,1.5424,0.0932949,1.05933,0.00507192
929-1,1.20685,11.0009,23.406,0.204799,0.868719,0.000167501
930-1,0.0151011,1.1045,3.70462,0.401481,0.777806,0.000771457
931-1,0.00107732,0.212872,0.286655,0.0225039,0.687536,0.0362049
932-1,0.0775429,1.28901,4.31444,0.263648,0.799871,0.000486426
933-1,0.00954646,0.810738,2.15155,0.0558379,0.709316,0.0270466
934-1,0.0155924,0.833103,3.70051,0.318953,0.777886,0.000574415
935-1,0.0022009,0.419505,0.870771,0.299,0.749297,0.000220567
936-1,0.0904973,1.85906,5.80224,0.266724,0.933052,0.000557724
937-1,0.159868,1.55527,5.99978,0.265503,0.58886,1.52307e-06
938-1,0.162937,7.965,5.84856,0.23499,0.808985,0.000224607
939-1,0.172573,7.96197,7.72657,0.233912,0.82506,4.8541e-05
940-1,0.00454753,1.39709,2.71855,0.0362726,0.698995,0.0205088
941-1,0.0118371,1.20189,2.88555,0.0495611,0.799993,0.0165758
942-1,0.00969836,1.70326,1.48974,0.331608,0.980602,0.000918425
943-1,0.0974309,9.9406,3.0068,0.274746,0.668853,0.000107233
944-1,1.20181,461.541,0.250858,0.200483,0.86794,1.17113e-05
945-1,0.0637181,6.47027,1.60202,0.197261,0.915971,0.000203902
946-1,0.00611,0.922568,2.63997,0.348592,1.07943,0.00161001
947-1,0.0161347,1.84562,2.08532,0.0919648,0.780029,0.0116015
948-1,0.00114787,0.266709,0.875908,0.0780107,0.703077,0.00438317
949-1,0.195626,10.059,5.41812,0.274611,0.69813,0.000170071
950-1,0.287569,24.2201,0.470213,0.214706,0.659981,0.000236476
951-1,0.0159031,1.09421,3.94237,0.113433,0.804451,0.0058949
952-1,0.538686,11.6014,13.6158,0.253148,0.703747,0.000121714
953-1,2.73468,13.4342,29.4592,0.220807,0.825512,0.000549413
954-1,0.223247,2.66384,9.62434,0.0879889,1.02562,0.00949365
955-1,0.0202287,1.27201,3.26172,0.283016,0.802619,0.00273782
956-1,0.00259822,0.502946,0.964951,0.126695,0.696865,0.00598874
957-1,0.760451,358.826,0.422736,0.236855,0.694195,1.77296e-06
958-1,0.0483038,1.66527,2.54499,0.153737,1.09142,0.0147353
959-1,0.236866,15.1107,1.10245,0.219013,0.676101,2.95504e-05
960-1,0.101987,2.18645,7.69429,0.188333,0.964766,0.00140129
961-1,0.52083,16.065,2.81803,0.195039,0.815146,7.83392e-05
962-1,0.0255904,1.18271,4.33997,0.205302,0.805198,0.00186374
963-1,0.00146188,0.296915,0.684369,0.305232,0.700333,0.000171214
964-1,0.0130824,1.1399,3.95529,0.0943673,0.899488,0.00658456
965-1,1.08103,414.242,0.295404,0.235096,0.761799,1.53584e-06
966-1,0.0324589,1.45588,5.02701,0.198184,0.996174,0.00434322
967-1,0.00388899,0.438827,1.01141,0.263205,0.679286,0.00307865
968-1,0.933377,178.113,0.368444,0.229572,0.736431,1.2653e-05
969-1,1.00883,104.538,0.333156,0.249303,0.736147,7.28335e-06
970-1,0.357135,10.8957,3.29934,0.251908,0.757724,0.000512038
971-1,0.451661,4.12547,14.9355,0.221031,0.842711,0.000615276
972-1,0.00218097,0.678822,1.12572,0.187015,0.78674,0.00126906
973-1,0.0076162,0.911134,2.62744,0.301537,0.815734,0.00159688
974-1,0.0246035,1.53782,4.32119,0.322204,0.591286,1.00002e-06
975-1,0.00439715,0.36986,1.13583,0.0974387,0.865049,0.0110947
976-1,1.72932,788.417,0.0132723,0.148368,0.916311,2.4377e-06
977-1,0.00784433,1.59647,1.3924,0.171368,0.869683,0.00222894
978-1,0.0085618,1.12017,3.36583,0.152795,0.722329,0.00357009
979-1,0.00721822,0.836233,1.49877,0.277919,0.822055,0.000798522
980-1,0.00301216,0.382268,0.821677,0.0480541,0.695413,0.0152006
981-1,0.0125819,1.62777,3.25328,0.16349,0.69958,0.0284939
982-1,0.056517,2.19614,5.45305,0.21852,1.31117,0.00632902
983-1,0.00589004,0.725403,2.05655,0.252753,0.735675,0.00275379
984-1,0.465654,10.2959,3.34939,0.229231,0.77726,1.08444e-06
985-1,0.00549255,0.726449,2.06091,0.26211,1.52698,0.00176529
986-1,0.0185896,1.16737,2.86041,0.0283556,0.745687,0.0575677
987-1,0.0088735,0.813818,2.26793,0.183347,1.1284,0.0024852
988-1,0.00323796,0.522941,1.17206,0.311861,0.710427,0.000183706
989-1,0.0233947,2.30755,2.83449,0.22561,1.1151,0.00234627
990-1,0.0831899,2.03712,5.78993,0.0799576,0.850066,0.0076026
991-1,0.00426961,0.310569,1.53741,0.193453,1.22596,0.000716203
992-1,0.00588271,0.438084,2.02167,0.208794,0.852157,0.00142024
993-1,0.447406,11.3272,8.46442,0.271269,0.702236,9.80887e-05
994-1,0.217519,16.8645,0.891831,0.227922,0.625116,1.00001e-06
995-1,0.0114165,1.00807,2.21347,0.245494,0.662981,0.0059873
996-1,0.007268,0.744108,1.7113,0.364676,0.678021,0.000582176
997-1,0.22396,2.60006,9.28647,0.31149,0.746361,0.000159848
998-1,0.00133257,0.185005,0.593648,0.311721,0.675526,0.000142982
999-1,0.00832118,1.56354,3.1556,0.217545,0.772205,0.000340856
1000-1,0.0265285,1.16892,3.47732,0.224038,1.04022,0.00181009
1001-1,1.08724,538.601,0.299628,0.240197,0.756984,1.46752e-06
1002-1,0.362835,11.1551,1.34593,0.226757,0.631263,1.20866e-06
1003-1,0.0031263,0.380728,1.16486,0.325613,0.691375,0.0002589
1004-1,0.0055145,0.544329,1.74235,0.113725,0.960726,0.0070931
1005-1,0.130784,6.5396,6.41623,0.250296,0.854642,6.4087e-05
1006-1,0.132366,3.94156,10.057,0.197488,0.760225,0.000182737
1007-1,0.383488,18.6476,1.67863,0.223955,0.684597,0.000467202
1008-1,0.0183068,1.26963,4.97183,0.190897,0.880084,0.00241489
1009-1,0.534782,13.672,6.88776,0.241882,0.712368,0.000253519
1010-1,0.00372465,1.07792,1.39029,0.0671458,0.73156,0.0244226
1011-1,0.250996,14.6886,1.98988,0.238902,0.7032,0.000180681
1012-1,0.0186152,1.02401,3.4682,0.376575,0.676005,0.000760518
1013-1,0.00364668,0.54204,1.23215,0.299275,0.683126,0.000385857
1014-1,0.188881,7.24397,7.34425,0.173328,0.851642,0.000163925
1015-1,0.0118761,0.57085,1.09955,0.190875,0.781066,0.00990497
1016-1,0.0253865,2.85987,8.16061,0.301955,0.8331,0.00117696
1017-1,0.518173,15.9161,3.1678,0.197057,0.803441,1.75483e-06
1018-1,0.00136185,2.85544,0.170415,0.153577,1.6494,0.000605659
1019-1,0.00400881,0.69937,1.99199,0.224236,1.09314,0.00327915
1020-1,0.037436,1.14408,3.22679,0.319756,0.708666,0.000674712
1021-1,1.05225,301.62,0.165708,0.197878,0.895152,1.03826e-06
1022-1,0.00397398,0.876595,0.555878,0.309983,0.80252,0.00105504
1023-1,0.0465826,2.59673,7.1266,0.263069,0.729065,0.000258783
1024-1,0.00497376,0.518627,1.26192,0.0778593,0.919804,0.00932579
1025-1,0.623675,15.6297,4.20409,0.238199,0.701068,0.000380983
1026-1,0.000120014,0.156821,0.0461721,0.299918,0.697243,1.00489e-06
1027-1,0.216475,11.3485,3.21695,0.248117,0.672741,1.79021e-06
1028-1,0.039583,2.20164,6.11408,0.329521,0.695944,0.000734861
1029-1,0.0334574,1.67643,2.86387,0.0763607,0.861634,0.0277881
1030-1,0.736732,17.0227,0.847438,0.215587,0.759286,0.00044413
1031-1,0.523243,10.8017,9.61798,0.183247,0.727222,0.000606842
1032-1,0.0184758,1.03517,2.89043,0.165502,0.927187,0.00989799
1033-1,0.88302,145.131,0.387616,0.226802,0.732652,1.8053e-05
1034-1,0.0844339,4.76829,4.90462,0.262181,0.830194,0.000244431
1035-1,0.00608458,0.519873,1.43131,0.26057,0.864,0.00115934
1036-1,0.0330955,1.6283,5.18017,0.199426,1.15698,0.00172259
1037-1,0.00993878,1.28961,1.43881,0.136116,1.01145,0.00599338
1038-1,0.058387,1.50815,4.87061,0.262417,0.885036,0.00044894
1039-1,0.122998,2.27378,8.45694,0.20476,0.907564,0.00337941
1040-1,0.00187951,0.800342,0.581109,0.16687,0.768357,0.00156451
1041-1,0.389835,5.61586,6.60147,0.269421,0.70008,4.03591e-06
1042-1,0.262705,13.421,1.69969,0.231273,0.81239,0.000382634
1043-1,0.271113,10.0412,1.33488,0.237662,0.793123,2.27048e-06
1044-1,0.00222877,0.27659,1.14142,0.260739,0.664344,0.000630735
1045-1,0.286608,17.5276,0.862428,0.215752,0.705159,0.000119393
1046-1,1.09958,525.342,0.137992,0.265308,0.82825,3.93653e-06
1047-1,0.00915437,1.79412,1.67642,0.228841,0.666805,0.000627521
1048-1,0.00260599,0.418097,2.19236,0.140618,0.910597,0.000687872
1049-1,0.123296,7.84451,11.0979,0.26565,0.706129,1.01921e-06
1050-1,0.324622,18.4133,2.019,0.1745,0.921024,3.09119e-05
1051-1,0.0113467,1.07913,2.86892,0.179839,0.746185,0.00534449
1052-1,0.00273595,0.364375,1.82771,0.0649732,0.98706,0.00374363
1053-1,0.000889451,0.32402,0.474888,0.258733,0.682241,0.000500854
1054-1,0.0117966,0.805802,2.20945,0.210345,1.06193,0.00239463
1055-1,0.0167589,1.23774,1.08497,0.143123,0.806771,0.00595502
1056-1,0.00575511,0.907589,0.878991,0.162706,1.35188,0.00615169
1057-1,0.036675,1.23388,3.95925,0.125149,0.895169,0.00879158
1058-1,0.0120884,0.766242,2.08726,0.202602,1.06226,0.00272419
1059-1,0.0901241,2.15414,15.8989,0.284312,0.930459,1.09556e-05
1060-1,0.0104227,1.18998,2.45677,0.13865,0.802634,0.0133672
1061-1,0.116584,2.88483,13.5388,0.22516,0.901829,0.000389996
1062-1,0.0121806,0.974926,2.3161,0.189086,0.905457,0.00131172
1063-1,0.53417,9.75128,11.8457,0.221982,0.753788,0.000246895
1064-1,0.0243357,1.23204,1.93582,0.0962828,1.03472,0.00667547
1065-1,0.145312,14.4816,0.870903,0.248218,0.661208,0.000131295
1066-1,0.48436,7.80374,21.2328,0.230299,0.751018,0.000127007
1067-1,1.77621,746.356,0.0169657,0.143185,0.936309,1.00001e-06
