,CNV_ATF4,CNV_BRCA2,CNV_CCND1,CNV_CEBPA,CNV_CEBPB,CNV_DDX5,CNV_E2F1,CNV_E2F2,CNV_E2F3,CNV_EGR3,CNV_ELK1,CNV_ESR1,CNV_ESR2,CNV_ETS2,CNV_FOS,CNV_FOSL1,CNV_HIF1A,CNV_HOXA5,CNV_JUN,CNV_JUNB,CNV_MIR106A,CNV_MIR15A,CNV_MIR17,CNV_MIR18A,CNV_MIR195,CNV_MIR19A,CNV_MIR20A,CNV_MIR21,CNV_MIR22,CNV_MIR221,CNV_MIR29A,CNV_MIR29C,CNV_MIR34A,CNV_MIRLET7A1,CNV_MIRLET7B,CNV_MIRLET7C,CNV_MIRLET7E,CNV_MIRLET7F1,CNV_MIRLET7G,CNV_MYBL2,CNV_MYC,CNV_MYCN,CNV_PARP1,CNV_PAX8,CNV_PPARG,CNV_RARA,CNV_RARB,CNV_SMAD3,CNV_SMAD4,CNV_STAT3,CNV_TGFB1,CNV_TP53,CNV_WT1,CNV_YBX1,CNV_MIR23B,CNV_MAP3K12,CNV_MAPK9,CNV_JAK1,CNV_PTPRO,CNV_PHLPP1,CNV_NCOA3,CNV_MDM2,CNV_LDLR,CNV_LIMK1,CNV_PTEN,CNV_DNMT1,CNV_FAS,CNV_TGFBR2,CNV_WEE1,CNV_YES1,CNV_BMPR2,CNV_SMURF1,CNV_KAT2B,CNV_UBE2C,CNV_PSAP,CNV_IMPDH1,CNV_MSMO1,CNV_KIT,CNV_ERBB4,CNV_DPYSL2,CNV_AKT1,CNV_ABCA1,CNV_MAP2K3,CNV_MAP3K5,CNV_SMAD7,CNV_ABL2,CNV_PRKG1,CNV_PHLPP2,CNV_DUSP2,CNV_UBE2G2,CNV_PFKFB4,CNV_PDK3,CNV_PDK2,CNV_PDHA1,CNV_PDE6D,CNV_MTHFD1,CNV_MTHFR,CNV_PLA2G4A,CNV_PCMT1,CNV_PCK2,CNV_TKT,CNV_UBE2L3,CNV_PDE4C,CNV_PMM2,CNV_NDUFA2,CNV_NDUFA1,CNV_NDUFB5,CNV_NDUFS1,CNV_NDUFS6,CNV_NDUFV1,CNV_MPO,CNV_RNMT,CNV_PPAT,CNV_PREP,CNV_PIGF,CNV_PIK3C3,CNV_PKM,CNV_PKN2,CNV_NAGPA,CNV_UBE2D3,CNV_PRKCD,CNV_TYMS,CNV_POLR3G,CNV_POLR3D,CNV_POLR1C,CNV_POLG2,CNV_POLE3,CNV_POLD4,CNV_POLD2,CNV_POLB,CNV_PNP,CNV_PMVK,CNV_PRDX3,CNV_PTDSS1,CNV_QDPR,CNV_PPIA,CNV_PPID,CNV_PPP1CB,CNV_TYK2,CNV_TXN,CNV_PRKDC,CNV_PRPS2,CNV_PRKCSH,CNV_PPP2CA,CNV_PLOD3,CNV_PCBD2,CNV_PBK,CNV_PARP3,CNV_PAICS,CNV_ODC1,CNV_PPP2R1B,CNV_PTRH2,CNV_ENO1,CNV_PTPN6,CNV_SLC25A11,CNV_SLC25A28,CNV_SLC25A3,CNV_SLC28A2,CNV_SLC2A4,CNV_SLC31A1,CNV_MKNK1,CNV_SLC3A2,CNV_SLC4A2,CNV_SLC1A4,CNV_YARS,CNV_UROD,CNV_USP1,CNV_USP11,CNV_SLC19A1,CNV_USP4,CNV_UQCRC2,CNV_SLC25A21,CNV_STK4,CNV_TCIRG1,CNV_TFRC,CNV_STK11,CNV_SCD,CNV_SARS2,CNV_SARS,CNV_RPS6KB1,CNV_RPS6KA2,CNV_SLC7A5,CNV_SLC9A3,CNV_ACHE,CNV_USP49,CNV_PTPRS,CNV_SIRT1,CNV_TGM1,CNV_PTPN18,CNV_PTPN1,CNV_PTP4A1,CNV_CDC25A,CNV_CDK16,CNV_CDK4,CNV_CDK6,CNV_CDC25C,CNV_CRAT,CNV_DPAGT1,CNV_SOD1,CNV_SRD5A1,CNV_SRM,CNV_CMAS,CNV_SFXN3,CNV_COASY,CNV_COX7C,CNV_AMD1,CNV_AMPD2,CNV_AMPD3,CNV_APOB,CNV_ALG5,CNV_AQP7,CNV_DPYSL3,CNV_DTYMK,CNV_CTSC,CNV_CTSF,CNV_DBI,CNV_DCK,CNV_UCP3,CNV_COX7A2L,CNV_HMOX1,CNV_HDAC3,CNV_HSD11B2,CNV_ABAT,CNV_ABCB6,CNV_ABCC4,CNV_ACADM,CNV_ACE,CNV_ACO2,CNV_ACOX1,CNV_ACP5,CNV_ACPP,CNV_ALDH2,CNV_ACYP2,CNV_ADCY9,CNV_AHCYL1,CNV_BARD1,CNV_AKR7A2,CNV_BCAT1,CNV_BLK,CNV_BSG,CNV_ENO2,CNV_B4GALT1,CNV_ATP1A2,CNV_CBS,CNV_ATM,CNV_ATP5S,CNV_STAT6,CNV_BCKDHA,CNV_MIRLET7I,CNV_ALDH9A1,CNV_AGPS,CNV_LTA4H,CNV_LBR,CNV_ILK,CNV_IMPA2,CNV_MARS,CNV_LPCAT1,CNV_LDHA,CNV_KHK,CNV_INSR,CNV_MAT2A,CNV_MDH1,CNV_MCCC2,CNV_ARSB,CNV_MAP4K5,CNV_MAN2A1,CNV_MGEA5,CNV_MGST1,CNV_HSD17B6,CNV_MET,CNV_AKR1A1,CNV_AKR1B10,CNV_ASAH1,CNV_CAD,CNV_MAN2A2,CNV_METTL1,CNV_HADHB,CNV_GC,CNV_FPGS,CNV_EPHX1,CNV_EPM2A,CNV_ESD,CNV_ETFA,CNV_ETFB,CNV_FADS3,CNV_FAH,CNV_GNS,CNV_FUT1,CNV_GAK,CNV_GALT,CNV_GAPDH,CNV_GLA,CNV_GMDS,CNV_FASN,CNV_FECH,CNV_IDH3B,CNV_IDI1,CNV_GSTP1,CNV_FGFR4,CNV_FKBP2,CNV_ETFDH,CNV_GSTO1,CNV_HMBS,CNV_GALC,CNV_NR1D1,CNV_AQP3,CNV_MIR23A,CNV_MIR26B,CNV_B3GAT3,CNV_EHHADH,CNV_CYP19A1,CNV_NOS3,CNV_NOS2,CNV_PIM1,ATF4,BRCA2,CCND1,CEBPA,CEBPB,DDX5,E2F1,E2F2,E2F3,EGR3,ELK1,ESR1,ESR2,ETS2,FOS,FOSL1,HIF1A,HOXA5,JUN,JUNB,MIR106A,MIR15A,MIR17,MIR18A,MIR195,MIR19A,MIR20A,MIR21,MIR22,MIR221,MIR29A,MIR29C,MIR34A,MIRLET7A1,MIRLET7B,MIRLET7C,MIRLET7E,MIRLET7F1,MIRLET7G,MYBL2,MYC,MYCN,PARP1,PAX8,PPARG,RARA,RARB,SMAD3,SMAD4,STAT3,TGFB1,TP53,WT1,YBX1,MIR23B,MAP3K12,MAPK9,JAK1,PTPRO,PHLPP1,NCOA3,MDM2,LDLR,LIMK1,PTEN,DNMT1,FAS,TGFBR2,WEE1,YES1,BMPR2,SMURF1,KAT2B,UBE2C,PSAP,IMPDH1,MSMO1,KIT,ERBB4,DPYSL2,AKT1,ABCA1,MAP2K3,MAP3K5,SMAD7,ABL2,PRKG1,PHLPP2,DUSP2,UBE2G2,PFKFB4,PDK3,PDK2,PDHA1,PDE6D,MTHFD1,MTHFR,PLA2G4A,PCMT1,PCK2,TKT,UBE2L3,PDE4C,PMM2,NDUFA2,NDUFA1,NDUFB5,NDUFS1,NDUFS6,NDUFV1,MPO,RNMT,PPAT,PREP,PIGF,PIK3C3,PKM,PKN2,NAGPA,UBE2D3,PRKCD,TYMS,POLR3G,POLR3D,POLR1C,POLG2,POLE3,POLD4,POLD2,POLB,PNP,PMVK,PRDX3,PTDSS1,QDPR,PPIA,PPID,PPP1CB,TYK2,TXN,PRKDC,PRPS2,PRKCSH,PPP2CA,PLOD3,PCBD2,PBK,PARP3,PAICS,ODC1,PPP2R1B,PTRH2,ENO1,PTPN6,SLC25A11,SLC25A28,SLC25A3,SLC28A2,SLC2A4,SLC31A1,MKNK1,SLC3A2,SLC4A2,SLC1A4,YARS,UROD,USP1,USP11,SLC19A1,USP4,UQCRC2,SLC25A21,STK4,TCIRG1,TFRC,STK11,SCD,SARS2,SARS,RPS6KB1,RPS6KA2,SLC7A5,SLC9A3,ACHE,USP49,PTPRS,SIRT1,TGM1,PTPN18,PTPN1,PTP4A1,CDC25A,CDK16,CDK4,CDK6,CDC25C,CRAT,DPAGT1,SOD1,SRD5A1,SRM,CMAS,SFXN3,COASY,COX7C,AMD1,AMPD2,AMPD3,APOB,ALG5,AQP7,DPYSL3,DTYMK,CTSC,CTSF,DBI,DCK,UCP3,COX7A2L,HMOX1,HDAC3,HSD11B2,ABAT,ABCB6,ABCC4,ACADM,ACE,ACO2,ACOX1,ACP5,ACPP,ALDH2,ACYP2,ADCY9,AHCYL1,BARD1,AKR7A2,BCAT1,BLK,BSG,ENO2,B4GALT1,ATP1A2,CBS,ATM,ATP5S,STAT6,BCKDHA,MIRLET7I,ALDH9A1,AGPS,LTA4H,LBR,ILK,IMPA2,MARS,LPCAT1,LDHA,KHK,INSR,MAT2A,MDH1,MCCC2,ARSB,MAP4K5,MAN2A1,MGEA5,MGST1,HSD17B6,MET,AKR1A1,AKR1B10,ASAH1,CAD,MAN2A2,METTL1,HADHB,GC,FPGS,EPHX1,EPM2A,ESD,ETFA,ETFB,FADS3,FAH,GNS,FUT1,GAK,GALT,GAPDH,GLA,GMDS,FASN,FECH,IDH3B,IDI1,GSTP1,FGFR4,FKBP2,ETFDH,GSTO1,HMBS,GALC,NR1D1,AQP3,MIR23A,MIR26B,B3GAT3,EHHADH,CYP19A1,NOS3,NOS2,PIM1
ME:MALME_3M,1,1,1,1,1,1,1,1,1,1,1,1,1,1,1,1,1,1,1,1,1,1,1,1,1,1,1,1,1,1,1,1,1,1,1,1,1,1,1,1,1,1,1,1,1,1,1,1,1,1,1,1,1,1,1,1,1,1,1,1,1,1,1,1,1,1,1,1,1,1,1,1,1,1,1,1,1,1,1,1,1,1,1,1,1,1,1,1,1,1,1,1,1,1,1,1,1,1,1,1,1,1,1,1,1,1,1,1,1,1,1,1,1,1,1,1,1,1,1,1,1,1,1,1,1,1,1,1,1,1,1,1,1,1,1,1,1,1,1,1,1,1,1,1,1,1,1,1,1,1,1,1,1,1,1,1,1,1,1,1,1,1,2,1,1,1,1,1,1,1,1,1,1,1,1,1,1,1,1,1,1,1,1,1,1,1,1,1,1,1,1,1,1,1,1,1,1,1,1,1,1,1,1,1,1,1,1,1,1,1,1,1,1,1,1,1,1,1,1,1,1,1,1,1,1,1,1,1,1,1,1,1,1,1,1,1,1,1,1,1,1,1,1,1,1,1,1,1,1,1,1,1,1,1,1,1,1,1,1,1,1,1,1,1,1,1,1,1,1,1,1,1,1,1,1,1,1,1,1,1,1,1,1,1,1,1,1,1,1,1,1,1,1,1,1,1,1,1,1,1,1,1,1,1,1,1,1,1,1,1,1,2,1,1,9.1,6.36,10.53,4.64,8.35,9.51,7.25,6.27,7.37,8.5,8.06,4.35,6.43,5.35,7.59,6.13,6.95,4.91,5.08,7.59,7.423333,6.575,9.15,7.65,9.98,6.54,10.99,7.185,6.28,13.29,11.275,12.13,6.2375,11.12,12.46,12.29,11.32,5.965,8.53,8.18,8.53,4.39,8.81,4.86,4.28,7.38,4.78,6.45,7.24,8.01,7.78,8.7,4.45,5.03,14.6,8.21,7.61,8.5,3.58,6.42,6.88,7.71,10.06,9.88,5.88,8.14,6.32,6.58,6.88,6.13,8.98,7.74,7.59,8.72,11.53,9.08,7.39,8.48,3.46,7.54,9.31,5.97,7.66,5.76,5.63,8.66,3.22,6.74,5.08,8.62,7.57,7.18,8.6,6.85,8.28,9.36,6.3,4.9,9.56,7.2,8.54,7.8,5.87,5.82,8.54,8.61,10,9.33,5.24,8.63,5.2,7.87,7.42,7.53,5.72,7.12,8.74,8.15,7.59,6.12,9.57,9.62,5.6,7.68,8.78,6.1,7.5,7.68,8.32,7.73,6.3,7.55,5.44,9.63,8.34,6.77,7.73,10.83,8.87,6.34,10.11,8.7,10.06,9.58,10.76,5.01,8.3,6.79,9.57,7.43,7.4,7.51,6.9,6.84,9.29,5.8,8.04,3.91,4.74,5.5,7.52,9.78,10.18,7.47,8.1,7.68,8.14,8.95,7.12,8.84,10.11,3.52,8.05,8.07,10.39,7.64,8.95,7.03,8.28,6.51,6.47,8.84,5.66,5.06,5.1,8.93,7,4.79,8.67,7.77,8.5,7.41,9.18,10.96,6.25,5.98,7.84,7.01,9.63,6.61,10.66,7.67,9.23,8.66,3.05,9.47,7.73,4.44,4.11,6.43,5.54,4.52,7.59,6.2,7.15,9.38,8.08,5.12,9.2,7.03,8.4,5.18,5.56,7.48,5.05,8.24,4.53,8.79,7.85,9.02,3.53,9.35,4.41,8,9.17,6.71,10.11,3.43,4.62,12.23,10.09,6.98,4.92,6.65,8.23,6.89,9.46,8.11,7.88,9.9,8.03,8.57,7.83,8.96,6.29,9.76,7.08,9.72,6.36,6.2,9.59,8.41,7.85,7.54,7.49,5.7,7.38,3.45,3.96,7.89,9.09,3.75,9.2,8.89,8.47,8.15,10.18,3.36,7.93,8.04,6.02,8.09,8.84,7.81,8.4,8.13,10.86,4.91,8.21,6.94,7.94,7.94,5.55,11.61,7.44,9.71,8.09,10.02,6.43,8.37,7.3,8.06,7.22,6.59,6.92,4.42,14.6,12.82,6.46,7.25,3.53,7.26,4.56,6.83
ME:MDA_MB_435,1,1,1,1,1,1,1,1,1,1,1,1,1,1,1,1,1,1,1,1,1,1,1,1,1,1,1,1,1,1,2,1,1,1,1,1,1,1,1,1,1,1,1,1,1,1,1,1,1,1,1,1,1,1,1,1,1,1,1,1,1,1,1,1,1,1,1,1,1,1,1,1,1,1,1,1,1,1,1,1,1,1,1,1,1,1,1,1,1,1,1,1,1,1,1,1,1,1,1,1,1,1,1,1,1,1,1,1,1,1,1,1,1,1,1,1,1,1,1,1,1,1,1,1,1,1,1,1,1,1,1,1,1,1,1,1,1,1,1,1,1,1,1,1,1,1,1,1,1,1,1,1,1,1,1,1,1,1,1,1,1,1,1,1,1,1,1,1,1,1,1,1,1,1,1,1,1,1,1,1,1,1,1,1,1,1,1,1,1,1,1,1,1,1,1,1,1,1,1,1,1,1,1,1,1,1,1,1,1,1,1,1,1,1,1,1,1,1,1,1,1,1,1,1,1,1,1,1,1,1,1,1,1,1,1,1,1,1,1,1,1,1,1,1,1,1,1,1,1,1,1,1,1,1,1,1,1,1,1,1,1,1,1,1,1,1,1,1,1,1,1,1,1,1,1,1,1,1,1,1,1,1,1,1,1,1,1,1,1,1,1,1,1,1,1,1,1,1,1,1,1,1,1,1,1,1,1,1,1,1,1,1,1,1,9.46,6.68,8.43,4.7,8.55,8.69,8.05,7.05,7.18,4.04,8.07,4.2,3.87,6.28,5.78,7.34,5.67,5.25,6.25,7.76,8.47,5.7925,10,8.54,10.08,6.96,11.99,6.725,2.3,13.09,10.285,11.18,5.955,11.15,11.5,11.96,10.83,5.885,8.435,9.87,8.65,4.54,8.46,4.77,3.6,6.74,5.29,6.24,6.65,7.84,7.5,9.84,4.56,5.34,14.62,6.62,8.18,8.21,3.43,6.97,7.02,5.67,9.75,8.53,4.77,9.33,5.51,6.08,7.19,6.3,6.82,7.34,8.31,9.43,10.71,10,6.31,3.57,3.52,9.43,9.42,6.62,8.41,4.64,5.87,7.86,3.23,6.01,6.19,9.16,6.73,7.3,7.81,7.39,8.49,9.36,5.95,3.98,9.28,7.37,9.58,7.31,6.13,7.07,9.84,9.06,10.01,9,5.42,9.88,5.41,7.93,7.5,7.69,5.71,7.23,8.72,7.8,7.97,5.76,9.79,10.27,6.77,8.34,8.84,5.76,8.25,7.92,8.85,7.17,8.31,7.59,5.89,10.27,7.63,7.34,7.92,10.15,9.39,7.17,10.35,9.51,11.04,10.11,10.81,5.35,8.79,7.34,9.87,6.38,8.07,7.54,8.52,5.44,9.78,6.92,8.05,3.82,5.31,8.79,7.45,9.87,10.16,8.37,8.94,7.92,8.15,9.12,8.03,8.58,10.82,3.11,9.2,8.33,10.54,7.72,8.7,7.02,8.14,6.11,6.43,8.77,5.69,5.3,5.63,6.86,7.47,4.78,8.33,7.61,7.75,7.88,9.42,10.88,6.45,6.54,7.68,8.43,9.83,7.01,11.35,6.91,9.49,8.88,3.05,10.59,8.39,4.6,4.14,6.34,5.77,4.31,7.22,8.2,8.31,9.67,8.23,5.61,9.09,5.68,9.08,4.94,5.12,8.44,6.11,7.62,4.92,9.19,7.48,10.39,3.66,5.34,4.39,7.84,9.04,7.18,9.25,3.55,4.59,11.96,6.38,6.65,5.2,7.31,7.7,6.35,8.65,7.86,7.6675,8.84,7.55,7.85,7.36,9.72,6.54,9.91,7.72,10.8,7.19,6.32,9.78,8.28,9.04,7.92,6.77,6.4,7.5,4.72,4.38,7.51,8.15,4.01,8.37,9.37,8.38,7.85,8.82,3.39,8.43,6.7,5.91,7.66,8.72,8.28,7.27,8.06,9.11,4.66,8.32,7.44,8.37,8.61,5.69,10.11,6.9,9.91,7.92,9.95,5.71,9.21,6.73,7.72,8.19,3.36,7.14,4.37,14.95,12.91,8.14,6.62,3.76,5.71,4.27,6.76
ME:SK_MEL_2,1,1,3,1,1,1,1,1,1,1,1,1,1,1,1,1,1,1,1,1,1,1,1,1,1,1,1,1,1,1,1,1,1,1,1,1,1,1,1,1,1,1,1,1,1,1,1,1,1,1,1,1,1,1,1,1,1,1,1,1,1,1,1,1,1,1,1,1,1,1,1,1,1,1,1,1,1,1,1,1,1,1,2,1,1,1,1,1,1,1,1,1,1,1,1,1,1,1,1,1,1,1,1,1,1,1,1,1,1,1,1,1,1,1,1,1,1,1,1,1,1,1,1,1,1,1,1,1,1,1,1,1,1,1,1,1,1,1,1,1,1,1,1,1,1,1,1,1,1,1,1,1,1,1,1,1,1,1,1,1,1,1,1,1,1,1,1,1,1,1,1,1,1,1,1,1,1,1,2,1,1,1,1,1,1,1,1,1,1,1,1,1,1,1,1,1,1,1,1,1,1,1,1,1,1,1,2,1,1,1,1,1,1,1,1,1,1,1,1,1,1,1,1,1,1,1,1,3,1,1,1,1,1,1,2,1,1,1,1,1,1,1,1,1,1,1,1,1,1,1,1,1,1,1,1,1,1,1,1,1,1,1,1,1,1,1,1,1,1,1,1,1,1,1,1,1,1,1,1,1,1,1,1,1,1,1,1,1,1,1,1,1,1,1,1,1,1,1,1,1,1,1,1,1,1,1,1,1,1,1,1,1,1,1,9.9,6.28,11.23,4.58,7.61,9.55,7.89,6.54,7.2,4.46,7.2,4.25,4.06,4.48,6.36,7.84,6.9,5,7.13,7.55,7.543333,5.645,9.62,7.45,10.5,5.38,11.34,7.1725,5.59,13.62,10.775,11.38,6.46,11.02,11.71,11.29,10.72,5.75,8.135,8.86,7.92,4.51,8.78,4.74,3.67,7.06,4.93,6.79,7.24,7.58,6.86,7.57,4.46,5.62,14.87,6.82,8.45,8.25,3.54,7.09,6.96,6,10.88,8.13,5.37,8.89,3.99,6.39,7.75,6.89,7.51,7.13,7.52,8.95,11,9,7.13,3.73,3.47,8.17,9.53,4.13,8.8,5.19,5.98,8.62,3.22,6.87,5.41,8.99,8.72,5.99,6.91,6.43,7.83,9.78,5.73,3.52,9.5,6.55,9.28,6.7,6.51,6.72,9.64,8.66,9.7,8.41,5.71,8.02,5.37,7.84,7.56,7.27,5.51,7.03,8.71,8.14,7.67,6.01,9.09,10.14,6.2,7.91,8.9,6.61,8.1,7.12,9.1,6.94,7.48,7.13,5.64,9.52,7.87,7.83,8.14,10.31,8.72,7.2,10.13,8.94,11.17,10.59,10.01,5.62,7.84,6.9,9.88,8.31,7.69,8.28,8.3,5.5,8.08,6.4,8.57,3.82,4.77,7.9,7.81,10.17,9.19,8.18,8.97,7.77,8.38,9.6,7.12,8.92,10.34,5.27,8.87,7.29,10.57,7.9,7.95,7.06,9.29,6.27,6.65,9.66,5.59,5.51,5.3,7.79,6.85,4.81,6.88,7.42,7.36,7.5,8.64,10.83,6.42,7.07,7.45,7.4,9.91,5.57,11.17,7.41,8.92,9.14,3.13,10.12,9.26,5.01,4.46,5.94,5.88,6.8,6.99,6.57,6.45,9.27,8.13,4.81,9.05,5.41,9.09,5.46,6.57,8.02,5.46,7.94,4.64,9.67,7.14,8.92,4.61,5.43,4.53,6.92,10.49,7.14,9.6,3.59,4.76,11.92,8.69,6.61,5.29,6.54,7.27,7.08,8.77,7.71,8.46,8.98,7.75,8.79,7.42,9.13,6.79,9.95,6.33,10.49,6.2,4.43,9.3,7.79,8.29,7.18,8.62,6.91,7.66,4.56,4.37,6.9,8.87,4.34,8.19,8.47,7.8,8.19,8.48,3.39,7.74,6.49,5.68,7.93,8.63,7.96,7.12,8.57,10.27,4.61,8.21,7.21,8.45,9.13,5.54,10.09,6.9,10.35,8.28,9.23,7.9,7.98,5.99,7.67,7.46,7.75,7.19,4.42,15.4,13.09,6.5,6.87,5.04,5.76,4.24,6.47
ME:SK_MEL_28,1,1,1,1,1,1,1,1,1,1,1,1,1,1,1,1,1,1,1,1,1,1,1,1,1,1,1,1,1,1,1,1,1,1,1,1,1,1,1,1,1,1,1,1,1,1,1,1,1,1,1,1,1,1,1,1,1,1,1,1,1,1,1,1,1,1,1,1,1,1,1,1,1,1,1,1,1,1,1,1,1,1,1,1,1,1,1,1,1,1,1,1,1,1,1,1,1,1,1,1,1,1,1,1,1,1,1,1,1,1,1,1,1,1,1,1,1,1,1,1,1,1,1,1,1,1,1,1,1,1,1,1,1,1,1,1,1,1,1,1,1,1,1,1,1,1,1,1,1,1,1,1,1,1,1,1,1,1,1,1,1,1,1,1,1,1,1,1,1,1,1,1,1,1,1,1,1,1,1,1,1,1,1,1,1,1,1,1,1,1,1,1,1,1,1,1,1,1,1,1,1,1,1,1,1,1,1,1,1,1,1,1,1,1,1,1,1,1,1,1,1,1,1,1,1,1,1,1,1,1,1,1,1,1,1,1,1,1,1,1,1,1,1,1,1,1,1,1,1,1,1,1,1,1,1,1,1,1,1,1,1,1,1,1,1,1,1,1,1,1,1,1,1,1,1,1,1,1,1,1,1,1,1,1,1,1,1,1,1,1,1,1,1,1,1,1,1,1,1,1,1,1,1,1,1,1,1,1,1,1,1,1,1,1,9.05,6.22,10.37,4.9,8.44,9.03,7.72,6.79,6.49,4.85,7.48,4.36,4.1,5.59,6.49,6.99,7.22,5.65,5.56,7.16,8.293333,7.175,9.74,6.83,10.08,6.92,10.73,7.87,7,14.58,10.635,12.11,7.5975,11.34,12.35,12.22,11.01,8.24,8.935,8.16,8.74,4.59,8.34,4.83,3.82,6.53,3.69,6.42,6.37,7.42,5.49,7.9,5.5,5.51,15.47,7.04,7.58,8.68,3.56,7,5.98,6.37,10.2,8.82,5.54,8.58,4.53,6.08,8.18,6.31,7.96,6.79,6.98,8.45,11.03,9.13,6.56,3.63,3.51,6.74,9.03,4.23,7.5,5.21,5.9,7.89,3.29,6.14,5.26,8.16,7.47,7.17,7.57,6.68,8.35,9.22,6.18,6.09,9.65,6.56,8.69,7.33,6.45,6.29,9,8.11,9.57,9.07,5.72,8.74,5.46,7.85,7.15,7.19,5.03,6.91,8.79,8.25,8.06,5.48,8.79,9.48,7.27,6.48,8.32,5.54,7.88,7.33,8.79,7.18,4.22,6.92,5.81,10.01,7.66,7.05,7.34,10.22,8.84,7.03,10.05,9.36,10.35,9.79,10.07,4.88,7.53,6.39,9.62,6.84,7.77,7.37,8.96,5.48,8.94,6.17,8.11,3.88,4.77,8.57,7.55,10.52,9.74,8.41,8.9,8.26,8.37,8.33,6.75,8.7,10.56,3.15,7.77,8.22,10.46,7.78,8.33,7.59,8.85,5.92,5.26,9.27,5.65,5.52,5.07,7.97,6.8,4.48,7.72,7.51,8.22,7.24,8.71,10.27,6.13,6.88,6.97,7.18,9.14,5.18,11.17,7.88,8.63,8.34,3.08,10.04,8.62,4.94,4.33,6.14,6.11,4.92,7.4,7.25,7.22,8.97,8.04,5.39,9.28,8.51,8.8,5.07,6.3,8.27,6.38,8.31,4.89,8.91,7.12,9.61,3.62,5.42,4.59,7.1,10.38,7.17,10.24,3.49,4.72,11.95,9.1,6.9,5.53,6.63,8.12,6.35,8.22,8.29,7.9725,8.74,8.09,8.6,7.01,9.87,6.26,9.33,7.07,11.2,6.41,6.08,10,8.15,8.55,7.48,7.05,6.18,7.34,5.21,4,5.91,9.99,3.87,8.67,8.99,8.53,7.51,9.56,3.39,8.01,6.63,6.04,7.67,8.52,8.42,7.12,8.7,9.73,4.89,8.18,7.32,8.26,8.83,5.48,10.18,6.7,10.43,7.26,10.1,6.36,8.78,5.7,7.78,7.49,4.42,7,4.49,15.84,13.05,6.78,6.67,3.68,5.83,4.25,6.41
ME:SK_MEL_5,1,1,2,1,1,1,1,1,1,1,1,1,1,1,1,1,1,1,1,1,1,1,1,1,1,1,1,2,1,1,1,1,1,1,1,1,1,1,1,1,2,1,1,1,1,1,1,1,1,1,1,1,1,1,1,1,1,1,1,1,1,1,1,1,1,1,1,1,1,1,1,1,1,1,1,1,1,1,1,1,1,1,1,1,1,1,1,1,1,1,1,1,1,1,1,1,1,1,1,1,1,1,1,1,1,1,1,1,1,1,1,1,1,1,1,1,1,1,1,1,1,1,1,1,1,1,1,1,1,1,1,1,1,1,1,1,1,1,1,1,1,1,1,1,1,1,1,1,1,1,1,2,1,1,1,1,1,1,1,1,1,1,1,1,1,1,1,1,1,1,1,1,1,1,1,1,1,1,1,2,1,1,1,1,1,1,1,1,1,1,1,1,1,1,1,1,1,1,1,1,1,1,1,1,1,1,1,1,1,1,1,1,1,1,1,1,1,1,1,1,1,1,1,1,1,1,1,1,2,1,1,1,1,1,1,1,1,1,1,1,1,1,1,1,1,1,1,1,1,1,1,1,1,1,1,1,1,1,1,1,1,1,1,1,1,1,1,1,1,1,1,1,1,1,1,1,1,1,1,1,1,1,1,1,1,1,1,1,1,1,1,1,1,2,1,1,1,1,1,1,1,1,1,1,1,1,1,1,1,1,1,1,1,1,10.01,6.89,8.62,5.53,8.01,9.62,7.29,6.32,7.71,3.9,7.64,4.21,3.88,5.65,7.04,6.32,6.33,5.65,6.43,7.65,7.666667,5.4075,9.36,8,9.45,6.4,11.36,6.9975,2.3,11.55,10.53,11.27,5.0675,10.09,11.03,10.47,10.26,7,8.07,8.69,9,4.54,8.45,5.43,4.43,6.39,3.81,5.91,6.79,8.42,8.2,8.23,4.85,5.27,12.98,6.88,8.11,8.03,3.76,6.32,6.32,6.11,9.99,8.19,5.61,8.7,5.03,5.78,7.47,6.6,6.88,7.56,7.12,8.45,11.07,8.74,6.73,3.64,3.72,6.93,9.13,7.05,7.52,4.42,5.41,8.04,4.66,6.2,5.4,8.07,6.43,7.11,7.37,6.96,7.2,9.53,5.9,5.85,8.84,7.8,9.11,6.93,6.29,6.78,9.08,8.6,9.77,8.68,5.61,9.19,5.32,8.19,7.23,6.87,5.2,6.5,8.42,7.87,7.67,5.77,8.53,9.97,6.03,6.82,8.28,6.67,7.93,7.62,9.31,6.83,7.7,7.34,5.86,10.41,6.55,7.95,7.68,10.02,8.27,7.19,10.64,8.16,10.3,10.05,9.54,5.74,7.61,6.21,9.96,7.7,8,8.65,8.09,6.07,9.21,6.4,8.64,3.83,5.62,9.35,7.15,10.78,10.04,9.35,9.16,7.34,8.03,8.7,7.27,8.3,10.67,3.95,7.8,7.85,10.06,8.05,9.91,7.36,8.28,7.29,4.67,9.47,5.71,5.89,5.1,8.14,7.05,5.38,7.32,7.64,9.1,7.46,9.05,10.72,5.58,6.74,7.85,7.7,9.35,6.09,10.61,6.88,8.33,8.66,3.08,10.16,7.72,4.92,4.14,6.25,5.95,5.76,6.98,7.46,7.29,8.58,8.03,6.44,9.39,8.11,9.04,5.15,5.05,8.06,7.24,7.61,5.03,9.26,7.71,7.34,3.64,6.49,3.9,7.26,10.17,6.25,8.98,4.56,4.81,11.41,7.62,6.56,5.4,7.96,7.58,6.49,7.6,8.15,8.255,9.25,7.64,8.45,8,9.29,6.74,10.15,6.88,10.92,6.07,6.85,9.5,8.4,8.35,7.15,7.09,6.05,7.84,3.96,4.13,9.03,7.93,3.85,8.59,9.19,7.26,7.99,9.08,3.44,7.81,7.18,5.51,8.3,8.49,7.98,7.18,7.8,9.41,4.83,8.13,6.89,8.19,8.81,5.72,10.94,6.95,9.93,7.95,9.92,7.23,8.58,7.09,7.96,7.94,5.9,7.29,4.59,13.14,11.6,6.35,6.7,3.78,6.29,4.7,6.56
ME:UACC_257,1,1,1,1,1,1,1,1,1,1,1,1,1,1,1,1,1,1,1,1,1,1,1,1,1,1,1,1,1,1,1,1,1,1,1,1,1,1,1,1,1,1,1,1,1,1,1,1,1,1,1,1,1,1,1,1,1,1,1,1,1,1,1,1,1,1,1,1,1,1,1,1,1,1,1,1,1,1,1,1,1,1,1,1,1,1,1,1,1,1,1,1,1,1,1,1,1,1,1,1,1,1,1,1,1,1,1,1,1,1,1,1,1,1,1,1,1,1,1,1,1,1,1,1,1,1,1,1,1,1,1,1,1,1,1,1,1,1,1,1,1,1,1,1,1,1,1,1,1,1,1,1,1,1,1,1,1,1,1,1,1,1,1,1,1,1,1,1,1,1,1,1,1,1,1,1,1,1,1,1,1,1,1,1,1,1,1,1,1,1,1,1,1,1,1,1,1,1,1,1,1,1,1,1,1,1,1,1,1,1,1,1,1,1,1,1,1,1,1,1,1,1,1,1,1,1,1,1,1,1,1,1,1,1,1,1,1,1,1,1,1,1,1,1,1,1,1,1,1,1,1,1,1,1,1,1,1,1,1,1,1,1,1,1,1,1,1,1,1,1,1,1,1,1,1,1,1,1,1,1,1,1,1,1,1,1,1,1,1,1,1,1,1,1,1,1,1,1,1,1,1,1,1,1,1,1,1,1,1,1,1,1,1,1,9.29,7.14,10.09,4.81,8.4,9.23,7.43,6.8,7.07,5.65,7.26,4.3,5.51,5.49,6.64,6.08,6.46,5.61,5.5,7.41,8.06,5.8575,9.75,8.5,9.48,6.48,12.16,6.6825,5.29,13.23,10.225,10.97,6.795,9.77,11.14,11.06,10.01,6.51,5.605,8.93,8.65,4.59,8.79,4.77,3.54,7.07,3.72,5.75,6.96,8.32,6.99,7.51,5.33,6.34,13.74,7.52,7.94,8.7,3.71,6.98,6.74,8.44,9.4,8.3,5.51,8.72,5.63,5.98,7.37,6.07,7.2,7.16,7.08,9.26,11.16,8.78,6.33,3.65,3.44,6.78,9.45,4.24,7.21,4.35,5.12,8.15,3.94,6.55,5.26,8.49,8.84,8.06,7.51,7.22,8.38,9.52,6.67,5.61,8.82,7.18,8.95,7.52,6.11,6.7,9,7.87,9.66,8.94,5.67,9.58,5.33,7.48,7.33,6.57,6.08,6.82,8.55,8.61,7.55,5.64,8.96,9.97,6.8,7.07,8.63,6.52,7.5,7.65,8.84,6.42,6.68,7.03,5.68,10.23,7.19,7.72,7.06,10.41,8.76,6.76,10.49,9.02,10.45,9.89,9.98,5.18,7.76,6.53,9.28,7.79,7.71,7.69,8.55,5.45,9.62,5.95,7.79,3.96,4.29,9.28,7.75,10.87,9.61,7.21,9.37,8.11,8.64,8.86,7.17,8.71,10.82,3.15,8.29,7.99,10.38,7.74,8.83,7.36,8.76,6.44,4.71,10.04,5.61,5.26,5.14,8.78,6.92,4.83,7.49,8.37,9.93,8.04,8.89,10.66,5.74,6.93,6.59,7.55,9.12,6.52,11.19,7.5,8.39,8.33,2.95,9.38,8.19,4.77,4.21,7.11,5.77,4.89,7.55,7.89,7.9,9.01,7.86,6.92,9.57,6.6,8.9,5.01,4.62,8.45,6.4,8.34,4.65,8.99,7.49,9.45,3.89,9.39,4.5,7.35,10.34,6.67,10.04,4.04,4.61,12.02,9.29,6.9,5.48,6.45,8.28,6.82,8.63,7.57,7.0675,9.95,8.31,7.95,8.21,9.28,6.27,9.62,7.54,10.67,6.24,6.26,9.91,8.67,8.57,7.85,7.08,5.85,6.79,5.2,3.61,8.47,9.03,3.93,8.96,9.42,8.26,8.1,9.52,3.31,7.25,8.12,6.45,8.6,8.93,7.89,7.32,8.81,9.87,4.73,7.84,7.28,8.08,7.95,5.82,10.77,6.67,10.24,7.71,10.69,6.22,9.58,5.84,7.96,7.78,3.47,7.19,4.3,14.09,11.91,7.58,6.23,3.83,5.79,4.24,6.26
ME:UACC_62,1,1,1,1,1,1,1,1,1,1,1,1,1,1,1,1,1,1,1,1,1,1,1,1,1,1,1,1,1,1,1,1,1,1,1,1,1,1,1,1,1,1,1,1,1,1,1,1,1,1,1,1,1,1,1,1,1,1,1,1,1,1,1,1,1,1,1,1,1,1,1,1,1,1,1,1,1,1,1,1,1,1,1,1,1,1,1,1,1,1,1,1,1,1,1,1,1,1,1,1,1,1,1,1,1,1,1,1,1,1,1,1,1,1,1,1,1,1,1,1,1,1,1,1,1,1,1,1,1,1,1,1,1,1,1,1,1,1,1,1,1,1,1,1,1,1,1,1,1,1,1,1,1,1,1,1,1,1,1,1,1,1,1,1,1,1,1,1,1,1,1,1,1,1,1,1,1,1,1,1,1,1,1,1,1,1,1,1,1,1,1,1,1,1,1,1,1,1,1,1,1,1,1,1,1,1,1,1,1,1,1,1,1,1,1,1,1,1,1,1,1,1,1,1,1,1,1,1,1,1,1,1,1,1,1,1,1,1,1,1,1,1,1,1,1,1,1,1,1,1,1,1,1,1,1,1,1,1,1,1,1,1,1,1,1,1,1,1,1,1,1,1,1,1,1,1,1,1,1,1,1,1,1,1,1,1,1,1,1,1,1,1,1,1,1,1,1,1,1,1,1,1,1,1,1,1,1,1,1,1,1,1,1,1,9.83,5.83,8.51,5.04,7.6,9.4,7.06,5.8,6.22,5.51,7.46,4.31,3.79,5.65,6.55,6.8,6.61,6.83,5.77,7.66,7.87,5.45,8.905,7.87,9.21,6.17,11.72,7.03,2.3,13.15,10.13,9.94,6.99,11.21,11.85,11.87,10.76,6.875,7.5,8.67,8.55,4.85,8.03,4.88,3.65,7.15,4.85,6.56,6.02,8.98,8.68,7.49,6.76,5.56,14.74,6.86,7.48,8.39,3.88,6.3,7,7.56,10.69,8.9,5.14,8.92,5.99,6.2,7,6.33,6.93,6.74,7.52,8.92,10.32,9.66,5.56,3.54,3.99,7.94,9.52,4.29,8.05,5.13,6.31,7.35,3.65,6.32,6.3,8.38,7.18,6.47,5.77,6.86,7.22,9.5,5.78,6.44,9.6,6.65,8.87,6.62,6.63,6.52,8.34,8.83,9.52,8.56,5.83,9.31,5.42,7.68,7.5,7.06,5.4,6.39,8.63,7.4,7.79,5.15,9.97,9.74,6.71,7.42,8.76,6.14,7.75,8.26,9.61,7.09,7.82,6.96,5.92,10.01,7.93,7.81,7.06,9.82,9.02,6.59,10.39,8.98,10.52,10.02,10.21,5.06,7.86,6.13,9.56,8.15,7.95,8.05,8.43,5.73,9.16,5.79,8.19,3.91,4.75,8.32,7.18,9.93,10.27,8.42,9.57,7.85,7.82,8.98,7.54,8.41,10.72,3.69,7.97,7.46,10.32,8.14,8.02,7.36,8.9,6.27,5.41,8.94,6.87,6.01,4.86,8.57,6.62,5.3,7.1,8.1,7.67,7.56,9.52,10.8,6.58,6.42,7.65,7.92,9.69,6.66,11.3,7.35,8.17,9.12,3.01,10.19,8.85,5,4.35,5.98,6.2,6.25,6.51,7.26,6.1,8.88,7.07,4.52,9.08,6.08,8.89,5.34,5.86,8.35,5.89,6.64,4.89,8.62,7.47,8.18,5.4,5.44,4.28,7.87,9.61,6.22,9.62,5.01,4.89,12.07,6.46,6.31,5.45,7.49,7.5,6.31,8.97,7.95,8.125,8.97,7.46,8.38,7.64,9.26,5.94,10.29,7.37,10.73,6.05,6.55,9.87,7.8,8.68,7.47,7.4,5.38,6.61,4.63,4.07,5.29,8.17,3.98,7.69,9.47,7.83,8.44,8.72,3.23,7.87,7.08,4.89,7.76,8.61,9.19,7.48,8.8,10.66,4.73,8.22,7.79,8.64,8.29,5.23,10.73,5.68,9.78,7.11,9.81,6.73,8.78,6.31,6.21,7.59,5.67,7.55,4.53,14.81,12.61,6.65,6.89,4.18,6.03,4.3,6.14
OV:IGROV1,1,1,1,1,1,1,1,1,1,1,1,1,1,1,1,1,1,1,1,1,1,1,1,1,1,1,1,1,1,1,1,1,1,1,1,1,1,1,1,1,1,1,1,1,1,1,1,1,1,1,1,1,1,1,1,1,1,1,1,1,1,1,1,1,1,1,1,1,1,1,1,1,1,1,1,1,1,1,1,1,1,1,1,1,1,1,1,1,1,1,1,1,1,1,1,1,1,1,1,1,1,1,1,1,1,1,1,1,1,1,1,1,1,1,1,1,1,1,1,1,1,1,1,1,1,1,1,1,1,1,1,1,1,1,1,1,1,1,1,1,1,1,1,1,1,1,1,1,1,1,1,1,1,1,1,1,1,1,1,1,1,1,1,1,1,1,1,1,1,1,1,1,1,1,1,1,1,1,1,1,1,1,1,1,1,1,1,1,1,1,1,1,1,1,1,1,1,1,1,1,1,1,1,1,1,1,1,1,1,1,1,1,1,1,1,1,1,1,1,1,1,1,1,1,1,1,1,1,1,1,1,1,1,1,1,1,1,1,1,1,1,1,1,1,1,1,1,1,1,1,1,1,1,1,1,1,1,1,1,1,1,1,1,1,1,1,1,1,1,1,1,1,1,1,1,1,1,1,1,1,1,1,1,1,1,1,1,1,1,1,1,1,1,1,1,1,1,1,1,1,1,1,1,1,1,1,1,1,1,1,1,1,1,1,9.43,6.16,9.92,5.49,7.27,9.3,6.79,6.35,5.84,3.97,6.77,4.28,3.96,6.07,5.44,6.02,6.62,4.92,6.18,6.69,8.076667,5.5075,9.915,8.48,9.5,8.1,11.64,6.9725,5.58,13.03,9.26,8.69,5.2975,10.43,11.4,9.75,9.87,6.775,7.68,8.82,8.72,4.94,8.53,8.54,3.8,6.3,3.84,7.34,6.34,8.79,5.22,8.85,5.3,5.29,14.28,6.82,7.82,5.67,3.67,5.68,7.19,6.83,10.51,8.04,5.4,8.46,7.75,7.42,7.48,6.48,6.74,7.28,4.55,8.79,10.22,9.21,6.86,4.67,6.34,7.41,8.89,4.57,7.52,4.72,5.24,6.73,3.29,6.05,5.65,8.04,6.02,5.7,6.81,6.5,6.48,9.53,5.58,3.3,7.98,6.34,8.88,6.64,6.7,6.37,8.63,7.99,8.63,7.68,6.06,9.43,5.55,6.53,7.85,6.16,5.16,5.84,8.52,8.28,7.06,5.4,7.33,9.93,4.64,6.56,8.43,6.14,7.68,7.66,8.9,6.15,8.81,7.47,6.1,9.23,5.49,7.4,7.74,10.02,8.95,6.92,9.44,8.45,10.44,9.79,7.47,5.69,6.97,5.78,9.95,8.61,8.71,7.15,8.15,6.99,8.54,6.45,8.63,4.13,5.23,8.03,7.15,10.23,9.31,4.61,8.69,7.14,8.95,8.07,7.16,7.47,10.56,3.6,7.64,7.89,9.84,8.25,7.7,7.54,8.22,6.69,5.39,9.43,5.75,5.91,5.18,8.6,7.67,6.44,7.2,6.74,7.84,7.27,9.34,10.74,3.91,6.02,7.09,7.68,8.63,5.48,10.51,6.09,7.85,8.3,3.09,10.51,8.13,4.94,4.72,6.13,6.39,4.42,6.65,6.27,6.12,7.48,7.31,4.92,8.85,5.45,8.97,5.63,6.13,7.82,6.67,6.66,5.09,8.03,6.11,4.73,3.9,7.64,3.85,7.55,9.44,6.55,8.9,3.67,4.89,12.23,7.44,7.34,5.63,8.62,6.04,5.85,8.35,7.86,6.94,8.56,6.8,8.6,8.2,8.7,6.9,9.92,7.5,10.51,6.07,6.19,9.1,7.15,8.47,6.08,7.04,5.84,7.55,4.25,3.73,8.25,8.44,4.03,6.36,9.32,7.5,8.15,8,3.25,8,7.3,4.14,8.23,7.79,7.95,8.33,7.01,9.17,4.98,7.96,6.87,8.28,8.17,5.29,9.63,7.18,9.5,7.57,10.22,7.56,8.69,6.6,5.6,8.02,3.55,6.54,4.53,14.13,12.32,6.16,4.65,3.76,7.25,4.33,6.75
OV:NCI_ADR_RES,1,1,1,1,1,1,1,1,1,1,1,1,1,1,1,1,1,1,1,1,1,1,1,1,1,1,1,1,1,1,1,1,1,1,1,1,1,1,1,1,1,1,1,1,1,1,1,1,1,1,1,1,1,1,1,1,1,1,1,1,1,1,1,1,1,1,1,1,1,1,1,1,1,1,1,1,1,1,1,1,1,1,1,1,1,1,1,1,1,1,1,1,1,1,1,1,1,1,1,1,1,1,1,1,1,1,1,1,1,1,1,1,1,1,1,1,1,1,1,1,1,1,1,1,1,1,1,1,1,1,1,1,1,1,1,1,1,1,1,1,1,1,1,1,1,1,1,1,1,1,1,1,1,1,1,1,1,1,1,1,1,1,1,1,1,1,1,1,1,1,1,1,1,1,1,1,1,1,1,1,1,1,1,1,1,1,1,1,1,1,1,1,1,1,1,1,1,1,1,1,1,1,1,1,1,1,1,1,1,1,1,1,1,1,1,1,1,1,1,1,1,1,1,1,1,1,1,1,1,1,1,1,1,1,1,1,1,1,1,1,1,1,1,1,1,1,1,1,1,1,1,1,1,1,1,1,1,1,1,1,1,1,1,1,1,1,1,1,1,1,1,1,1,1,1,1,1,1,1,1,1,1,1,1,1,1,1,1,1,1,1,1,1,1,1,1,1,1,1,1,1,1,1,1,1,1,1,1,1,1,1,1,1,1,9.97,5.51,9.66,5.64,7.39,9.56,7.17,5.89,7.02,4.02,6.69,4.23,4.04,6.71,6.33,7.31,7.13,5.25,8.05,7.24,10.116667,8.0175,11.18,9.93,10.92,8.37,13.15,8.6275,7.8,14.77,11.32,12.56,6.6125,12.21,12.7,11.86,11.13,8.105,9.525,8.87,8.92,4.82,8.02,6.52,4.03,6.5,4.1,7.21,6.92,7.89,8.79,8.62,5.36,4.97,15.74,7.03,8.26,8.31,4.22,6.34,7.03,5.62,10.24,7.62,6.01,8.94,5.16,5.88,7.15,6.4,7.36,6.12,5.19,8.73,9.73,7.52,6.38,3.58,3.57,6.24,8.75,5.18,6.92,4.61,5.8,7.72,3.97,6.22,5.89,8.16,5.65,4.95,8.17,6.32,6.92,9.92,5.48,4.23,8.74,7.79,8.17,6.6,6.65,6.36,8.59,7.85,8.46,7.37,5.99,9.36,5.6,7.13,7.27,6.13,4.29,5.71,8.48,8.26,7.58,5.68,7.86,9.72,5.03,5.99,8.1,6.29,7.68,7.68,8.62,6.11,8.71,6.91,6.09,9.75,6.28,7.12,6.97,9.82,8.99,6.7,10.42,7.93,10.22,10,7.99,5.18,6.07,6.49,9.59,7.88,8.21,7.38,8,7.02,8.38,6.19,8.93,4.04,5.21,7.36,7.17,9.94,9.4,5.4,8.78,7.67,8.25,9.07,7.23,7.69,10.25,4.42,7.87,8.26,9.12,7.93,8.5,7.6,8.53,7.05,4.52,8.35,5.93,5.88,5.4,8.36,6.85,6.22,6.56,7.34,7.56,6.65,8.64,10.6,5.46,6.86,7.18,7.73,9.32,5.04,10.28,6.51,7.74,8.46,3.03,9.91,7.56,5.27,4.63,5.83,6.47,5.6,6.41,6.88,6.9,8.63,7.76,5.78,8.95,6.01,8.92,5.43,5.53,6.88,5.72,7.14,5.29,8.1,7.3,5.31,3.66,6.75,4.27,7.28,8.5,5.71,8.23,7.19,4.75,11.87,8.46,6.93,5.66,8.71,6.86,6.81,8.05,7.76,7.905,8.66,7.33,8.76,8.05,9.14,6.19,10.66,5.5,10.22,6.11,6.39,9.28,7.08,7.61,5.75,7.46,6.02,7.66,4.72,4.76,6.86,8.32,4.13,6.46,9.01,6.91,7.99,8.33,3.33,8.18,6.84,4.52,7.89,8.1,7.45,8.29,7.49,8.77,4.78,7.92,7.35,8.12,7.49,5.31,10.14,5.75,9.99,8.22,9.98,7.57,9.12,6.14,6.07,7.36,8.48,6.62,4.77,15.61,13,5.95,5.3,3.84,7.42,5.65,6.88
OV:OVCAR_3,1,1,1,1,1,2,1,1,1,1,1,1,1,1,1,1,1,1,1,1,1,1,1,1,1,1,1,1,1,1,1,1,2,1,1,1,1,1,1,1,1,1,1,2,1,1,1,1,1,1,1,1,1,1,1,1,1,1,1,1,1,1,1,1,1,1,1,1,1,1,1,1,1,1,1,1,1,1,1,1,1,1,1,1,1,1,1,1,1,1,1,1,1,1,1,1,2,1,1,1,1,1,1,1,1,1,1,1,1,1,1,1,1,1,1,1,1,1,1,1,1,1,1,1,1,2,1,1,1,2,1,1,1,1,1,1,1,1,1,1,1,1,1,1,1,1,1,1,1,1,1,1,2,1,1,1,1,1,1,1,1,1,1,1,1,1,1,1,1,1,1,1,1,1,1,1,1,2,1,1,1,1,1,1,1,1,1,1,1,1,1,1,1,1,1,1,1,1,1,1,2,1,2,1,1,1,1,1,1,1,1,1,1,1,1,1,1,1,1,1,1,1,1,1,1,1,1,1,1,1,1,1,1,1,1,1,1,1,1,1,1,1,1,1,1,1,1,1,1,1,1,1,1,1,1,1,1,1,1,1,1,1,1,1,1,1,1,1,1,1,1,1,2,1,1,1,1,1,1,1,1,1,1,1,1,1,1,1,1,1,1,1,1,1,1,1,1,1,1,1,1,1,1,1,1,1,1,1,1,1,1,1,1,1,9.81,5.79,9,5.17,8.28,9.83,7.42,6.58,6.67,4.27,6.8,4.31,4.25,6.67,5.65,5.59,6.28,8.41,7.68,7.42,7.546667,6.0525,8.455,7.34,9.62,2.3,11.1,5.22,2.3,13.63,8.55,7.07,5.3025,10.72,11.76,11.94,10.79,6.475,6,9.37,7.9,4.98,8.03,8.34,4.1,6.22,3.79,6.47,6.35,7.79,6.89,8.53,6.75,4.58,15.19,6.27,7.82,8.59,3.42,5.62,7.44,5.95,9.86,7.78,5.64,8.3,6.33,6.67,7.52,7.73,7.14,6.48,5.21,8.79,10.31,8.55,6.75,4.08,5.52,5.36,9.06,5.52,7.72,5.28,6.25,6.23,4.64,5.69,5.32,9.63,5.57,4.89,7.9,6.35,4.95,9.05,6.83,3.87,8.26,6.88,8.38,8.53,6.82,5.53,9.13,8.61,9.63,8.19,5.98,9.27,5.44,7.86,7.78,6.29,4.4,5.81,8.61,7.78,6.62,5.48,7.58,9.56,4.61,7.2,8.53,6.65,7.65,7.28,8.67,7.2,9.16,7.06,5.87,9.39,6.52,6.69,8.4,11.28,8.48,6.31,9.81,7.75,10.12,10.5,8.18,5.23,7.67,5.32,10.02,8.35,8.05,7.51,8.3,7.25,7.93,6,7.87,3.95,4.45,7.2,6.71,10.47,8.74,4.76,8.82,7.18,8.5,8.41,7.44,8.03,10.25,3.65,7.99,7.29,10.4,8.57,8.34,9.15,8.41,6.27,6.76,9.16,5.9,5.81,5.54,7.8,7.78,5.67,6.19,6.97,7.21,7.56,8.59,10.72,6.47,6.87,6.32,6.64,10.24,5.67,10.6,6.56,7.46,7.93,3.16,10.58,7.71,5.07,4.65,5.86,6.57,4.45,6.62,6.15,7,8.24,8.27,5.67,9.11,4.99,9.17,5.95,5.09,7.29,5.14,6.67,5.04,7.72,6.92,5.28,4.19,7.18,4.32,8.1,9.25,6.62,9.33,6.71,4.81,11.4,6.63,7.48,5.67,8.76,5.61,6.69,7.53,7.9,7.07,8.11,8.02,9.15,7.84,9.18,8.2,10.98,6.87,10.26,5.93,5.93,9.53,7.07,8.67,6.43,7.6,5.8,7.39,5.6,4.21,6.35,9.08,4.19,7.79,8.15,6.14,7.82,8.31,3.38,8.23,7.41,5.04,7.26,7.87,7.47,7.46,7.27,9.09,5.6,8.16,6.69,7.62,7.9,5.52,9.64,6.58,9.46,7.17,9.78,7.49,9.33,5.82,5.89,7.21,6.42,6.33,4.82,15.35,12.32,6.23,6.43,3.72,6.31,4.29,6.67
OV:OVCAR_4,1,1,1,2,1,1,1,1,1,1,1,1,1,1,1,1,1,1,1,1,1,1,1,1,1,1,1,1,1,1,1,1,1,1,1,1,2,1,1,1,1,1,1,1,1,1,1,1,1,1,1,1,1,1,1,1,1,1,1,1,1,1,1,1,1,1,1,1,1,1,1,2,1,1,1,1,1,1,1,1,1,1,1,1,1,1,1,1,1,1,1,1,1,1,1,1,1,1,1,1,1,1,1,1,1,1,1,1,1,1,1,1,1,1,1,1,1,1,1,1,1,1,1,1,1,1,1,1,1,1,1,1,1,1,1,1,1,1,1,1,1,1,1,1,2,1,1,1,1,1,1,1,1,1,1,1,1,1,1,1,1,1,1,1,1,1,1,1,1,1,1,1,1,1,1,1,1,1,1,1,1,1,1,2,1,1,1,1,1,1,1,1,1,1,1,1,1,1,1,1,1,1,1,1,1,1,1,1,1,1,1,1,1,1,1,1,1,1,1,1,1,1,1,1,1,1,1,1,1,1,1,1,1,1,1,1,1,1,1,1,1,1,1,1,1,1,1,1,1,1,1,1,1,1,1,1,1,1,1,1,1,1,1,1,1,1,1,1,1,1,1,1,1,1,1,1,1,1,1,1,1,1,1,2,1,1,1,1,1,1,1,1,1,1,1,1,1,1,1,1,1,1,1,1,1,1,1,1,1,1,1,1,1,1,9.27,5.87,8.78,5.22,7.78,8.76,7.53,5.96,7.52,4,7.25,4.41,3.97,7.12,5.61,5.85,7.22,4.38,7.53,8.37,9.333333,8.4,10.33,8.85,10.34,7.4,11.73,8.22,6.76,13.93,9.65,10.08,6.385,11.19,12.36,11.75,10.74,7.815,9.175,10.02,8.21,5.01,7.5,7.54,3.63,6.22,3.88,6.71,5.38,8.48,7,8.8,4.67,5.05,15.32,6.22,8.74,8.96,3.64,4.75,7.9,7.41,10.66,7.85,6.38,9,6.61,7.35,7.08,7.02,7.44,7.68,5.7,9.21,9.85,9.44,7.23,3.68,6.22,6.71,9.17,4.96,7.02,5.25,6.75,7.06,3.17,5.61,5.97,9.06,5.76,5.85,7.35,7.15,6.89,9.2,5.8,3.46,8.33,6.58,8.67,7.46,6.58,6.06,9.79,8.7,9.07,8.01,6.05,9.71,5.46,6.53,6.92,5.95,5.21,6.24,8.24,8.63,6.14,5.57,8.12,9.43,4.32,6.41,8.03,5.51,7.58,7.75,9.11,5.9,7.8,7.6,5.93,9.44,5.7,6.96,7.01,10.7,8.66,6.35,9.64,9.18,10.94,10.37,9.28,6.54,6.87,5.97,9.08,7.47,7.98,6.67,8.08,6.98,8.81,6.7,8.22,3.89,5.21,7.61,7.57,10.22,9.12,5.27,9.05,7.39,8.68,9.13,7.16,8.27,10.95,3.17,7.69,7.22,10.09,7.18,8,6.97,8.28,6.05,6.97,8.75,5.84,6.29,5.39,7.42,7.61,4.57,7.31,7.32,7.48,7,9.67,10.45,7.01,7.24,5.72,8.04,9.99,6.29,10.41,6.2,6.98,7.29,3.13,9.54,7.56,5.09,4.63,5.75,6.41,4.57,6.57,6.54,6.89,8.09,7.1,5.64,9.36,5.16,9.5,5.48,5.33,7.45,5.58,7.09,4.94,8.73,6.68,4.74,4.14,7.53,4.47,7.88,8.88,7.45,8.81,6.87,4.89,11.13,6.89,7.29,5.67,8.46,5.74,6.09,8.28,8.71,7.4225,8.39,7.06,8.78,7.69,9.15,7.79,10.51,6.15,10.14,5.96,6.81,9.16,7.49,8.09,6.29,7.21,6.49,7.42,4.96,4.03,7.38,8.09,4.26,7.22,8.52,6.97,7.94,8.25,3.33,8,7.66,4.7,7.55,8.08,8.23,8.7,7.44,9.84,5.92,7.97,6.58,7.49,8.18,6.65,10.53,5.7,9.95,8.33,10.66,6.91,9.86,5.77,5.58,8.09,5.32,6.26,4.63,15.29,13.02,6.11,5.81,3.66,6.28,4.22,7.06
OV:OVCAR_5,1,1,1,1,1,1,1,1,1,1,1,1,1,1,1,1,1,1,1,1,1,1,1,1,1,1,1,1,1,1,1,1,1,1,1,1,1,1,1,1,1,1,1,1,1,1,1,1,1,1,1,1,1,1,1,1,1,1,1,1,1,1,1,1,1,1,1,1,1,1,1,1,1,1,1,1,1,1,1,1,1,1,1,1,1,1,1,1,1,1,1,1,1,1,1,1,1,1,1,1,1,1,1,1,1,1,1,1,1,1,1,1,1,1,1,1,1,1,1,1,1,1,1,1,1,1,1,1,1,1,1,1,1,1,1,1,1,1,1,1,1,1,1,1,1,1,1,1,1,1,1,1,1,1,1,1,1,1,1,1,1,1,1,1,1,1,1,1,1,1,1,1,1,1,2,1,1,1,1,1,1,1,1,1,1,1,1,1,1,1,1,1,1,1,1,1,1,1,1,1,1,1,1,1,1,1,1,1,1,1,1,1,1,1,1,1,1,1,1,2,1,1,1,1,1,1,1,1,1,1,1,1,1,1,1,1,1,3,1,1,1,1,1,1,1,1,1,1,1,1,1,1,1,1,1,1,1,1,1,1,1,1,1,1,1,1,1,1,1,1,1,1,1,1,1,1,1,1,1,1,1,1,1,1,1,1,1,1,1,1,1,1,1,1,1,1,1,1,1,1,1,1,1,1,1,1,1,1,1,1,1,1,1,1,8.99,6.29,9.59,5.24,7.04,10.01,7.41,6.01,6.46,3.99,6.66,4.18,4.09,6.45,5.87,8.92,7.51,6.43,7.4,6.93,8.486667,7.18,10.79,9.27,11.13,8.1,12.85,7.6075,5.95,14.12,10.57,11.48,5.7525,11.51,12.49,12.47,10.76,7.65,8.35,9.35,8.13,4.86,7.58,5.11,6.82,7.49,3.74,8.66,6.06,7.88,8.42,6.27,4.48,5.15,14.38,6.46,8.37,8.08,3.47,5.58,6.73,5.53,10.53,8.51,6.19,8.94,4.46,7.53,7.6,6.99,7.59,7.09,5.6,9.33,9.99,8.16,4.7,3.57,3.54,6.34,9.88,6.08,7.32,6.73,5.3,7.08,3.63,5.84,5.23,8.19,6.04,5.76,8.02,6.25,7.52,10.17,5.47,3.89,8.28,7.14,8.12,7.01,6.24,6.69,9.16,7.56,9.45,8.17,5.92,9.31,5.38,6.86,7.44,6.77,5.8,5.09,8.71,8.1,7.64,6.06,7.01,10.2,4.9,5.57,7.75,6.84,7.96,8,8.83,5.77,8.83,7.75,5.8,10.12,5.61,7.81,6.73,10.31,8.72,6.64,10.72,8.15,10.23,10.36,8.27,6.97,6.22,6.63,9.82,8.15,8.46,7.22,8.24,6.95,8.39,6.37,7.88,4.09,4.65,7.49,6.99,10.38,9.29,5,8.17,7.19,8.09,8.31,7.38,7.9,10.52,4.23,7.92,8.92,10.13,8.69,7.58,7.48,7.62,6.39,4.97,9.35,5.79,5.77,5.16,5.53,6.96,4.8,7.63,7.71,6.82,6.65,8.28,10.27,7.51,7.74,7.82,8.12,8.69,6.72,9.88,6.27,7.98,8.61,3.09,9.88,7.2,6.25,4.35,6.52,6.1,5.31,7.52,7.31,6.02,8.64,7.44,5.67,9.06,5.42,9.27,5.44,5.39,6.64,7.75,7.3,5.33,8.85,7.29,4.83,3.63,6.93,4.95,7.12,8.86,7.76,8.94,3.48,4.73,12.01,7.91,6.97,5.48,6.92,7.41,6.65,8.2,7.98,8.8675,8.46,8.2,8.47,8.93,9.53,7.42,9.25,7.77,10.68,6.6,6.05,10.13,7.49,8.02,6.84,8.14,7.52,7.73,5.46,3.87,8.83,7.97,5.89,6.18,9.16,7.15,7.75,8.41,3.34,7.84,7.35,4.5,8.02,8.46,8.54,7.38,8.16,9.22,4.9,8.05,7.15,7.78,7.14,5.06,9.41,5.58,10.03,6.73,9.92,8.18,8.84,6.25,6.12,8.18,7.07,7.14,6.37,14.64,13.3,6.88,6.26,3.71,6.16,4.08,6.62
OV:OVCAR_8,1,1,1,1,1,1,1,1,1,1,1,1,1,1,1,1,1,1,1,1,1,1,1,1,1,1,1,1,1,1,1,1,1,1,1,1,1,1,1,1,2,1,1,1,1,1,1,1,1,1,1,1,1,1,1,1,1,1,1,1,1,1,1,1,1,1,1,1,1,1,1,1,1,1,1,1,1,1,1,1,1,1,1,1,1,1,1,1,1,1,1,1,1,1,1,1,1,1,1,1,1,1,1,1,1,1,1,1,1,1,1,1,1,1,1,1,1,1,1,1,1,1,1,1,1,1,1,1,1,1,1,1,1,1,1,1,1,1,1,1,1,1,1,1,1,1,1,1,1,1,1,1,1,1,1,1,1,1,1,1,1,1,1,1,1,1,1,1,1,1,1,1,1,1,1,1,1,1,1,1,1,1,1,1,1,1,1,1,1,1,1,1,1,1,1,1,1,1,1,1,1,1,1,1,1,1,1,1,1,1,1,1,1,1,1,2,1,1,1,1,1,1,1,1,1,1,1,1,1,1,1,1,1,1,1,1,1,1,1,1,1,1,1,1,1,1,1,1,1,1,1,1,1,1,1,1,1,1,1,1,1,1,1,1,1,1,1,1,1,1,1,1,1,1,1,1,1,1,1,1,1,1,1,1,1,1,1,1,1,1,1,1,1,1,1,1,1,1,1,1,1,1,1,1,1,1,1,1,1,1,1,1,1,1,9.66,6.37,9.76,5.38,7.47,9.53,7.07,5.83,7.42,3.86,6.76,4.22,3.78,6.93,5.54,7.67,6.91,4.73,8.06,7.4,8.786667,6.8775,10.68,9.55,10.63,8.12,13.11,8.6225,6.58,14.67,11.18,12.46,5.5525,11.62,12.58,12.55,10.87,8.015,9,9.18,8.68,4.8,8.41,6.7,4.03,6.3,3.93,6.78,7.24,7.84,8.73,9.1,4.96,5.35,15.16,7.11,8.98,8.64,3.93,6.34,7.3,6.01,10.19,7.38,6.32,9.32,5.39,6.01,7.29,6.7,7.58,7.06,5.53,9.4,9.99,7.52,7.09,3.54,3.5,7.17,8.58,4.95,6.95,4.72,5.68,8.03,3.97,7.07,5.81,8.56,5.53,5.04,8.1,6.53,7.54,9.88,5.35,3.73,9.1,7.55,8.27,7.1,6.65,6.72,9.2,7.6,8.65,7.63,5.85,9.4,5.38,7.16,8.21,6.24,4.93,5.75,8.39,9.13,7.3,6.48,8.03,10.02,5.29,6.61,8.38,6.43,8.38,7.42,8.45,6.91,8.78,6.83,5.93,10.11,6.27,7.4,7.58,9.86,8.91,7.36,10.83,8.26,10.25,10.48,8.61,5.67,7.49,6.48,10.38,8.21,8.61,7.56,8.07,6.68,8.03,6.64,8.64,3.85,4.66,7.48,7.7,9.96,9.18,5.07,8.83,7.67,9,8.84,7.2,8.28,10.36,4.82,8.32,8.18,9.2,8.07,8.3,7.26,9.23,7.55,4.42,9,5.83,5.76,5.5,8.32,7.75,7.16,6.59,7.44,7.65,7.4,8.69,10.61,6.18,7.5,6.87,7.34,9.81,6.74,10.28,6.74,7.94,8.44,2.92,10.02,7.84,4.93,4.43,6.52,6.31,5.83,6.95,7.59,7.27,9.1,8.76,6.21,8.89,5.36,9.19,5.36,5.69,6.97,6.08,7.88,5.41,7.9,7.25,4.65,3.65,6.94,4.32,7.71,9.43,6.33,8.37,7.77,4.75,11.93,8.97,6.87,5.62,8.58,7.33,6.72,7.63,7.84,7.54,8.79,7.68,8.99,8.49,9.35,6.15,10.54,5.35,10.42,6.18,6.03,9.45,7.26,8.13,6.07,7.79,6.99,8.26,4.75,4.55,6.64,7.88,3.89,6.47,9.02,6.66,8.18,8.43,3.4,8.13,6.61,4.09,8.71,8.17,7.43,8.79,6.95,8.92,4.84,7.99,7.12,8.17,7.33,5.61,9.71,5.65,10.19,8.68,10.18,7.73,8.93,5.99,6.36,7.06,4.15,6.23,4.61,15.45,12.3,6.11,5.56,3.71,7.17,5.73,6.54
OV:SK_OV_3,1,1,1,1,1,1,1,1,1,1,1,1,1,1,1,1,2,1,1,1,1,1,1,1,1,1,1,1,1,1,1,1,1,1,1,1,1,1,1,1,1,1,1,1,1,1,1,1,1,1,1,1,1,1,1,1,1,1,1,1,1,1,1,1,1,1,1,1,1,1,1,1,1,1,1,1,1,1,1,1,1,1,1,1,1,1,1,1,1,1,1,1,1,1,1,1,1,1,1,1,1,1,1,1,1,1,1,1,1,1,1,1,1,1,1,1,1,1,1,1,1,1,1,1,1,1,1,1,1,1,1,1,1,1,1,1,1,1,1,1,1,1,1,1,1,1,1,1,1,1,1,1,1,1,1,1,1,1,1,1,1,2,1,1,1,1,1,1,1,1,1,1,1,1,1,1,1,1,1,1,1,1,1,1,1,1,1,1,1,1,1,1,1,1,1,1,1,1,1,1,1,1,1,1,1,1,1,1,1,1,1,1,1,1,1,1,1,1,1,1,1,1,1,1,1,1,1,1,1,1,1,1,1,1,1,1,1,1,1,1,1,1,1,1,1,1,1,1,1,1,1,1,1,1,1,1,1,1,1,1,1,1,1,1,1,1,1,1,1,1,1,1,1,1,1,1,1,1,1,1,1,1,1,1,1,1,1,1,1,1,1,1,1,1,1,1,1,1,1,1,1,1,1,1,1,1,1,1,1,1,1,1,1,1,9.33,6.47,9.05,5.05,6.96,9.64,8.02,6.06,6.83,4.35,7.28,5.53,4.01,7.05,5.62,7.35,7.96,5.02,8.2,8.4,7.853333,6.75,10.075,7.71,10.93,7.96,11.53,7.9225,5.86,13.38,9.82,9.72,6.385,12.93,13.65,13.41,11.69,8.01,9.225,9.98,8.23,4.87,8.08,8.16,5.34,6.59,3.73,7.09,7.34,9.45,7.62,5.87,4.87,5.46,15.95,5.88,9.02,9.57,3.48,6.8,7.8,5.78,10.15,8.74,5.38,8.95,5.36,6.41,7.98,7.34,8.02,6.94,5.75,9.04,10.21,8.79,7.41,5.88,4.79,7.78,9.6,6.59,6.33,6.24,7.24,7.55,3.13,7.49,5.25,8.74,5.18,5.85,7.44,6.74,7.36,9.33,5.47,3.29,9.15,6.18,8.91,7.52,6.44,6.27,8.44,8.29,8.85,8.08,5.86,9.39,5.39,6.69,7.13,6.31,5.51,6.3,8.93,7.92,6.81,6.28,7.48,9.96,4.41,6.54,8.06,5.93,8.09,8.01,8.37,6.21,8.82,6.83,5.83,9.57,6.47,6.86,7.46,10.73,8.37,7.21,10.25,8.69,10.26,10.24,7.39,5.73,8.07,6.03,10.06,7.53,8.23,6.92,8.73,6.08,7.9,6.07,8.6,3.9,4.82,7.7,7.54,11.48,8.76,5.33,8.8,7.03,8.71,8.39,7.11,7.52,10.43,3.08,7.94,8.29,9.62,8.74,6.52,7.39,9.02,6.6,5.62,11,5.7,5.65,5.5,7.76,7.76,6.21,7.65,7.05,6.82,6.95,9.45,10.39,5.84,7.24,8.2,7.49,10.02,6.36,9.9,5.67,7.75,9.12,3.02,9.95,7.06,4.61,4.39,6.1,6.19,7.51,7.12,6.65,6.9,8.1,8.24,5.38,9.34,4.94,9.15,5.14,4.65,6.26,6.77,6.36,4.75,8.11,6.95,4.51,3.64,5.9,4.29,8.8,10.33,7.41,9.01,5.53,4.78,12.32,6.53,7.53,5.48,6.85,6.38,6.28,8.11,7.63,8.3925,7.97,8.69,9.45,7.98,9.48,8.87,9.81,7.67,11.12,5.22,6.07,9.41,7.34,8.18,6.92,7.89,5.82,7.17,4.34,4.02,7.76,8.79,4.09,7.11,9.06,7.96,8.15,8.25,3.19,8.87,8.13,5.34,8.18,8.38,7.55,9.2,7.07,9.18,4.72,8.11,7.68,7.43,7.4,6.54,9.69,7.92,9.49,7.83,10.45,6.9,9.6,6.16,6.46,7.64,3.57,7.16,4.39,16,12.98,6.27,5.71,3.63,6.03,4.05,6.83
PR:DU_145,1,1,1,1,1,1,1,1,1,1,1,1,1,1,1,1,1,1,1,1,1,1,1,1,1,1,1,1,1,1,1,1,1,1,1,1,1,1,1,1,1,1,1,1,1,1,1,1,1,1,1,1,1,1,1,1,1,1,1,1,1,1,1,1,1,1,1,1,1,1,1,1,1,1,1,1,1,1,1,1,1,1,1,1,1,1,1,1,1,1,1,1,1,1,1,1,1,1,1,1,1,1,1,1,1,1,1,1,1,1,1,1,1,1,1,1,1,1,1,1,1,1,1,1,1,1,1,1,1,1,1,1,1,1,1,1,1,1,1,1,1,1,1,1,1,1,1,1,1,1,1,1,1,1,1,1,1,1,1,1,1,1,1,1,1,1,1,1,1,1,1,2,1,1,1,1,1,1,1,1,1,1,1,1,1,1,1,1,1,1,1,1,1,1,1,1,1,1,1,1,1,1,1,1,1,1,1,1,1,1,1,1,1,1,1,1,1,1,1,1,1,1,1,1,1,1,1,1,1,1,1,1,1,1,1,1,1,1,1,1,1,1,1,1,1,2,1,1,1,1,1,1,1,1,1,1,1,1,1,1,1,1,1,1,2,1,1,1,1,1,1,1,1,1,1,1,1,1,1,1,1,1,1,1,1,1,1,1,1,1,1,1,1,1,1,1,1,1,1,1,1,1,1,1,1,1,1,1,1,1,1,1,1,1,9.8,6.9,9.2,5.11,7.27,8.99,7.43,6.17,6.42,3.98,7.02,4.14,3.92,7.79,5.37,7.86,7.16,5.58,6.42,8.03,7.46,5.725,8.735,7.3,9.15,5.66,11.1,7.5625,5.64,13.12,9.9,10.09,6.1225,10.69,11.55,11.49,10.69,6.675,6.95,9.37,7.97,4.95,8.37,4.84,4.85,6.72,3.75,7.45,6.7,9.15,8.76,9.39,4.58,4.81,14.84,6.55,8.34,7.71,4.72,6.29,6.72,6.15,10.97,8.28,6.11,9.14,5.64,6.74,7.12,7.42,6.93,7.1,5.34,9.14,10.28,8.87,6.27,3.75,3.51,8.63,9.39,5.64,7.26,5.09,5.59,8.17,3.26,6.5,5.34,9.01,5.92,6,7.89,6.03,7.31,9.66,5.42,3.49,8.27,6.97,8.86,7.08,6.67,6.24,8.3,7.49,9.12,7.84,5.87,9.49,5.51,7.22,6.74,5.97,5.63,5.99,9.03,8.07,7.44,5.55,7.83,10.23,5.18,6.64,8.17,6.46,8.43,7.82,8.32,6.13,8.74,7.28,5.98,9.86,6.7,7.61,5.81,10.21,9.05,7.47,9.86,8.08,10.03,10.24,8.14,6.04,7.68,6.05,9.5,8.08,8.28,7.72,8.51,7.26,8.37,6.81,8.47,3.89,5.1,8.19,6.93,10.21,9.4,4.84,8.83,7.25,8.09,8.28,7.86,7.57,10.15,6.36,7.4,8.36,10.07,7.56,8.88,7.57,8.24,6.97,6.38,9.2,5.79,5.66,5.64,7.84,8.07,5.72,7.06,7.26,8.29,6.62,8.61,10.31,4.93,7.16,8.84,7.81,9.81,7.25,10.29,6.91,8.43,8.85,2.84,9.61,7.3,6.17,4.38,6.06,6.52,6.28,7.01,6.36,7.15,8.11,7.34,5.27,8.55,6.15,8.87,5.58,4.91,7.23,6.38,7.14,5.06,8.04,6.9,4.68,3.64,8.09,4.54,5.87,9.57,6.95,9.08,6.87,4.87,12.06,8.14,7.33,5.77,7.97,6.69,8.06,8.48,8.88,7.5775,8.34,7.14,9.11,8.05,9.28,7.65,10.54,9.42,10.29,5.9,6.05,9.01,7.54,8.11,6.47,8.79,6.5,7.92,7.03,4.33,7.55,8.71,4.15,7.13,8.93,7.3,8.41,8.38,3.27,8.73,7.47,5.43,7.96,8.36,7.6,7.83,7.2,9.62,5.08,8.18,7.71,8.14,8.18,5.34,10.17,7.43,9.62,8.22,9.01,6.98,9.06,5.5,6.64,8.31,7.59,6.89,6.56,15.11,11.97,6.4,6.01,3.76,6.03,4.5,7.08
PR:PC_3,1,1,1,1,1,1,1,1,1,1,1,1,1,1,1,1,1,1,1,1,1,1,1,1,1,1,1,1,1,1,1,1,1,1,1,1,1,1,1,1,4,1,1,1,1,1,1,1,1,0,1,1,1,1,1,1,1,1,1,1,1,1,1,1,0,1,1,1,1,1,1,1,1,1,1,1,1,1,1,1,1,1,1,1,1,1,2,1,1,1,1,1,1,1,1,1,1,1,1,1,1,1,1,1,1,1,1,1,1,1,1,1,1,1,1,1,1,1,1,1,1,1,1,1,1,1,1,1,1,1,1,1,1,1,1,1,1,1,1,1,1,1,1,1,1,1,1,1,1,1,1,1,1,1,1,1,1,1,1,1,1,1,1,1,1,1,1,1,1,1,1,1,1,1,1,1,1,1,1,1,1,1,1,1,1,1,2,1,1,1,1,1,1,1,1,1,1,1,1,1,1,1,1,1,1,1,1,1,1,1,1,1,1,1,1,1,1,1,1,1,1,1,1,1,1,1,1,1,1,1,1,1,1,1,1,1,1,1,1,1,1,1,1,1,1,1,1,1,1,1,1,1,1,1,1,1,1,1,1,1,1,1,1,1,1,1,1,1,1,1,1,1,1,1,1,1,1,1,1,1,1,1,1,1,1,1,1,1,1,1,1,1,1,1,1,1,1,1,1,1,1,1,1,1,1,1,1,1,1,1,1,1,1,1,9.23,6.43,9.78,5.42,7.16,9.38,7.44,5.49,6.15,3.74,7.94,4.19,4.27,6.99,5.38,8.59,6.87,4.7,7.66,7.88,8.523333,6.4175,10.425,9.09,10.08,7.66,12.68,7.5575,5.78,14.01,10.25,10.87,6.7875,12.73,13.06,13.27,11.55,8.29,9.385,8.63,9.3,4.69,8.58,5.12,6.89,6.5,3.75,7.27,6.4,4.34,9.02,5.73,6.24,5.12,15.29,6.44,8.47,8.84,3.62,6.53,7.69,6.16,10.43,8.53,3.85,8.78,5.75,6.69,7.19,7.63,7.4,7.56,6.06,9.44,10.26,9.34,6.33,3.46,3.47,7.6,9.43,5.14,7.08,5.88,5.23,6.19,4.56,6.5,5.46,8.88,6.16,5.68,7.97,7.29,8.49,9.37,5.5,4.49,9.3,6.85,8.21,7.25,6.65,6.52,9.12,9.38,9.6,8.67,5.63,9.25,5.35,6.87,7.9,6.54,5.32,6.12,8.46,8.69,7.41,5.84,8.4,9.51,7.09,7.1,8.73,6.41,8.29,8.53,9.19,7.07,9.18,7.61,5.62,10.28,6.62,7.18,8.07,10.4,9.4,6.83,9.59,9.3,10.66,10.04,9.29,5.08,8.05,6.88,10.32,9.26,8.53,7.47,8.36,6.62,8.65,6.3,8.18,3.9,4.51,8.21,8.02,9.96,8.96,5.01,9.17,8.07,8.51,9.15,7.21,8.96,10.55,4.37,7.79,7.92,10.34,7.95,7.63,6.42,8.72,7.03,6.47,8.69,5.79,6.02,5.35,8.19,8.42,5.26,6.87,6.92,7.84,7.34,9.69,10.56,5.97,7.25,8.24,8.43,10.04,6.83,11.11,7.73,8.34,8.57,3.03,10.01,8.2,7,4.18,6.04,6.02,7.33,6.94,7.29,6.28,8.66,8.09,5.23,9.01,5.86,8.68,5.52,5.76,6.76,6.08,7.52,4.93,8.31,8.22,4.65,3.77,6.67,4.84,6.93,9.42,6.6,9.05,5.11,4.6,11.74,8.61,6.59,5.4,6.85,6.91,6.18,7.43,8.02,8.0725,8.81,7.74,9.13,7.39,9.66,7.17,10.45,8.09,11.05,6.28,6.62,9.69,7.37,7.64,7.14,7.88,6.31,7.45,5.83,4.27,8.88,8.99,4.08,6.51,8.85,6.75,8.28,8.62,3.44,8.76,7.4,5.13,8.2,8.07,8.55,7.71,7.73,9.7,5.06,8.39,6.2,7.86,8.32,5.82,9.28,7.14,10.18,6.72,9.36,6.1,9.09,7.2,6.01,7.51,5.59,7.74,4.59,15.41,13.02,6.29,6.64,3.76,5.9,4.24,7.58
RE:786_0,1,1,1,1,1,1,1,1,1,1,1,1,1,1,1,1,1,1,1,1,1,1,1,1,1,1,1,1,1,1,1,1,1,1,1,1,1,1,1,1,1,1,1,1,1,1,1,1,1,1,1,1,1,1,1,1,1,1,1,1,1,1,1,1,1,1,1,1,1,1,1,1,1,1,1,1,1,1,1,1,1,1,1,1,1,1,1,1,1,1,1,1,1,1,1,1,1,1,1,1,1,1,1,1,1,1,1,1,1,1,1,1,1,1,1,1,1,1,1,1,1,1,1,1,1,1,1,1,1,1,1,1,1,1,1,1,1,1,1,1,1,1,1,1,1,1,1,1,1,1,1,1,1,1,1,1,1,1,1,1,1,1,1,1,1,1,1,1,1,1,1,1,1,1,1,1,1,1,1,1,1,1,1,1,1,1,1,1,1,1,1,1,1,1,1,1,1,1,1,1,1,1,1,1,1,1,1,1,1,1,1,1,1,1,1,1,1,1,1,1,1,1,1,1,1,1,1,1,1,1,1,1,1,1,1,1,1,1,1,1,1,1,1,1,1,1,1,1,1,1,1,1,1,1,1,1,1,1,1,1,1,1,1,1,0,1,1,1,1,1,1,1,1,1,1,1,1,1,1,1,1,1,1,1,1,1,1,1,1,1,1,1,1,1,1,1,1,1,1,1,1,1,1,1,1,1,1,1,1,1,1,1,1,1,9.63,6.27,9.8,4.94,6.92,9.12,7.24,5.75,6.59,3.88,7.17,4.17,3.84,7.1,5.2,8.64,7.11,6.93,8.09,8.04,7.496667,5.5475,8.32,7.41,9.44,6.48,10.96,6.9025,5.5,12.82,9.335,9.38,5.71,10.81,11.8,12.03,10.76,7.36,6.175,9.29,8.35,4.86,8.01,7.53,5.03,6.97,3.65,7.3,6.97,8.45,8.69,7.82,6.4,5.4,14.2,5.78,8.55,9.91,4.16,6,7.11,5.57,9.97,9.02,6.03,8.51,6.2,7.16,7.63,7.21,7.25,7.33,5.46,9.19,9.86,9.28,6.93,3.57,3.49,7.27,9.15,8.16,7.07,5.27,6.93,7.37,3.21,7.12,5.2,8.58,7.04,5.9,6.72,6.81,7.28,9.55,5.87,3.22,9.34,6.9,9.15,7.6,6.57,6.7,8.89,8,9.32,8.29,5.89,9.41,5.42,6.88,7.99,6.3,4.85,5.93,9.16,8.68,7.14,6.31,8.14,10.19,4.97,6.36,8.8,6.28,8.57,7.67,9.08,5.44,8.48,7.05,5.92,10.75,6.49,7.4,7.61,10.61,8.56,7.22,10.82,8.7,10.23,10.52,8.84,5.69,7.33,6.26,10.32,8.39,7.9,7.45,8.65,5.79,7.82,6.64,8.68,3.91,4.74,7.82,7.72,9.94,9.49,5.68,9.28,7.88,8.79,8.34,7.56,7.92,10.56,4.03,7.56,8.15,10.15,8.49,8.42,6.97,8.33,6.61,4.78,8.87,5.73,5.69,5.34,6.53,7.56,5.04,6.89,6.88,7.52,7.79,8.99,10.42,7.25,7.18,8.09,7.23,10.46,7.41,10.78,6.78,7.99,8.61,3.07,10.57,9.31,5.8,4.46,5.85,6.24,8.24,6.92,5.8,5.42,8.74,8.12,4.73,8.55,6.14,9.1,5.11,5.14,6.71,6.22,7.28,4.85,8.06,6.86,4.67,3.52,6.62,4.07,7.51,9.95,7.07,9.1,6.88,4.76,11.78,7.62,8.25,5.49,7.05,5.91,6.24,8.64,7.72,7.6325,8.66,7.87,9.21,8.15,9.42,6.45,9.98,7.59,10.63,5.26,4.86,9.69,7.24,7.63,6.34,6.95,6.51,7.83,4.67,4.1,8.86,8.59,4.61,6.46,8.74,6.64,8.42,8.37,3.21,8.55,7.3,5.17,8.07,8.4,7.5,7.89,7.83,8.92,4.62,8.28,6.38,8.09,7.63,5.45,9.61,7.31,9.96,8.19,7.95,7.28,8.89,5.84,6.44,7.17,3.43,6.61,4.45,14.39,11.76,5.91,7.05,3.72,6.02,4.19,6.78
RE:A498,1,1,1,1,1,1,1,1,1,1,1,1,1,1,1,1,1,1,1,1,1,1,1,1,1,1,1,1,1,1,1,1,1,1,1,1,1,1,1,1,1,1,1,1,1,1,1,1,1,1,1,1,1,1,1,1,1,1,1,1,1,1,1,1,1,1,1,1,1,1,1,1,1,1,1,1,1,1,1,1,1,1,1,1,1,1,1,1,1,1,1,1,1,1,1,1,1,1,1,1,1,1,1,1,1,1,1,1,1,1,1,1,1,1,1,1,1,1,1,1,1,1,1,1,1,1,1,1,1,1,1,1,1,1,1,1,1,1,1,1,1,1,1,1,2,1,1,1,1,1,1,1,1,1,1,1,1,1,1,1,1,1,1,1,1,1,1,1,1,1,1,1,1,1,1,1,1,1,1,1,1,1,1,2,1,1,1,1,1,1,1,1,1,1,1,1,1,1,1,1,1,1,1,1,1,1,1,1,1,1,1,1,1,1,1,1,1,1,1,1,1,1,1,1,1,1,1,1,1,1,1,1,1,1,1,1,1,1,1,1,1,1,1,1,1,1,1,1,1,1,1,1,1,1,1,1,1,1,1,1,1,1,1,1,1,1,1,1,1,1,1,1,1,1,1,1,1,1,1,1,1,1,1,1,1,1,1,1,1,1,1,1,1,1,1,1,1,1,1,1,1,1,1,1,1,1,1,1,1,1,1,1,1,1,8.68,6.66,8.38,5.38,7.61,8.71,7.64,5.86,6.18,4.04,6.58,4.19,3.94,6.51,5.4,6.89,5.79,7.49,7.75,8.81,6.786667,6.5675,7.81,5.93,8.15,8.65,9.65,7.7625,7.44,10.97,10.255,9.08,6.3475,10.66,13.27,11.82,12.28,7.465,7.405,8.99,8.36,4.79,8.24,7.36,4.53,7.66,4.37,7.01,6.39,8.97,9,8.54,4.55,4.43,14.03,6.41,8.6,9.66,4.2,5.26,6.83,6.8,10.23,9.54,5.74,8.71,7.3,6.25,7.37,6.17,7.55,8.28,5.84,8.76,10.43,9.29,6.29,3.61,3.83,8.23,8.49,7.74,7.27,4.44,6.94,7.93,4.82,6.94,5.43,8.68,5.41,5.18,7.64,6.17,7.06,8.85,5.37,3.54,8.35,6.05,8.67,6.85,6.59,6.77,8.54,8.86,8.38,8.61,5.83,8.66,5.4,6.06,6.43,6.02,4.7,5.79,8.57,7.7,7.1,6.1,7.47,9.04,4.78,7.14,7.51,5.69,8.54,8.18,9.04,5.39,7.89,7.57,6,9.66,6.02,7.72,8.22,10.19,9.19,7.58,10.26,7.95,10.7,10.31,10.17,5.71,7.59,7.1,8.77,7.66,7.41,7.27,7.63,7.02,8.43,7.03,7.62,3.93,4.72,8.66,7.03,10.72,10.44,5.14,8.84,8.02,7.77,6.88,7.31,7.36,10.36,3.65,7.44,8.1,8.91,8.46,8.92,6.71,8.71,6.49,5.56,9.83,5.75,6.56,5.39,8.29,7.57,4.79,7.36,7.13,6.97,6.31,8.72,10.39,6.69,6.73,8.72,6.92,9.98,7.37,9.99,7.08,9.4,9.03,2.98,9.33,9.19,5.33,4.49,5.95,6.26,8.31,6.73,6.6,6.91,8.47,6.95,5.42,9.05,7.17,8.72,5.32,5.3,8.02,7.13,6.91,4.89,7.69,7.23,4.63,3.57,5.43,4.14,9.33,10.03,7.25,7.68,6.01,4.81,11.84,5,8.34,5.58,7.29,5.91,5.61,8.58,8.29,9.4575,8.35,8.26,7.58,7.58,9.58,7.36,9.75,8.99,10.58,5.96,5.75,9.29,7.24,8.07,6.64,6.78,6.39,7.66,6.24,4.51,8.84,8.44,8.76,6.25,8.67,6.98,8.01,7.97,3.1,9.02,9.42,4.4,7.9,7.99,8.49,8.16,8.27,9.4,5.09,8.17,7.01,7.71,9.3,4.63,9.43,6.85,9.17,7.32,6.64,8.33,7.78,6.22,6.8,7.2,3.47,7.26,4.45,13.99,10.94,6.14,6.43,3.78,6.83,4.33,7
RE:ACHN,1,1,1,1,1,1,1,1,1,1,1,1,1,1,1,1,1,1,1,1,1,1,1,1,1,1,1,1,1,1,1,1,1,1,1,1,1,1,1,1,1,1,1,1,1,1,1,1,1,1,1,1,1,1,1,1,1,1,1,1,1,1,1,1,1,1,1,1,1,1,1,1,1,1,1,1,1,1,1,1,1,1,1,1,1,1,1,1,1,1,1,1,1,1,1,1,1,1,1,1,1,1,1,1,1,1,1,1,1,1,1,1,1,1,1,1,1,1,1,1,1,1,1,1,1,1,1,1,1,1,1,1,1,1,1,1,1,1,1,1,1,1,1,1,1,1,1,1,1,1,1,1,1,1,1,1,1,1,1,1,1,1,1,1,1,1,1,1,1,1,1,1,1,1,1,1,1,1,1,1,1,1,1,1,1,1,1,1,1,1,1,1,1,1,1,1,1,1,1,1,1,1,1,1,1,1,1,1,1,1,1,1,1,1,1,1,1,1,1,1,1,1,1,1,1,1,1,1,1,1,1,1,1,1,1,1,1,1,1,1,1,1,1,1,1,1,1,1,1,1,1,1,1,1,1,1,1,1,1,1,1,1,1,1,1,1,1,1,1,1,1,1,1,1,1,1,1,1,1,1,1,1,1,1,1,1,1,1,1,1,1,1,1,1,1,1,1,1,1,1,1,1,1,1,1,1,1,1,1,1,1,1,1,1,9.48,6.48,9.2,4.86,6.9,9.15,6.43,5.63,6.03,3.93,6.82,4.24,3.96,6.17,5.49,7.67,6.93,6.45,7.46,7.06,7.613333,5.51,8.85,7.54,9.27,6.3,11.3,7.645,5.42,12.53,10.605,11.69,6.255,10.43,11.01,11.09,10.23,6.9,7.715,8.76,8.48,4.97,7.61,8.25,5.25,7.24,3.85,8.11,7.06,8.41,8.38,9.03,4.54,4.69,13.57,7.23,7.44,9.42,4.07,6.1,6.79,7.34,9.93,9.07,5.78,8.2,7.72,6.07,7.16,6.65,7.61,7.17,5.15,8.99,10.72,8.28,6.43,3.68,3.55,7.96,8.96,6.34,7.22,5.92,6.7,7.71,3.19,7.32,5.21,7.82,5.44,4.37,7.25,6.22,7.35,8.8,5.86,3.41,7.69,6.58,8.22,7.18,6.69,6.35,8.08,7.32,8.5,8.21,5.97,8.66,5.49,6.33,7.29,5.7,5.59,6.39,8.56,7.96,7.66,5.64,7.75,9.45,5.06,6.22,7.78,6.34,7.46,7.61,8.81,5.32,8.05,6.94,6.04,8.86,6.41,7.08,7,10.54,8.07,6.6,9.75,8.62,9.93,9.82,8.45,5.54,7.05,6.96,9.48,7.53,7.74,7.37,8.03,7.33,8.45,6.53,8.52,3.87,4.6,7.61,6.63,9.99,9.21,5.3,8.5,7.39,7.28,8.18,7.01,7.5,10.35,3.66,7.72,7.94,8.41,8.17,8,7.22,8.12,6.56,4.61,8.92,5.92,6.27,5.3,7.91,7.34,4.98,7.24,7.16,6.77,6.45,8.24,10.98,6.59,6.34,7.5,7.42,9.08,6.17,9.68,7.3,8.57,8.95,3.01,9.5,8.13,5.67,4.48,5.54,6.26,5.56,7.4,7.13,5.49,8.36,7.31,5.81,8.67,5.59,8.4,5.23,4.96,6.61,6.75,6.86,5,7.66,6.94,4.64,3.62,6.63,4.2,7.42,9.31,7.07,9.12,7.42,4.85,11.58,8.76,6.98,5.69,7.08,6.14,5.74,9.46,7.84,7.6625,8.65,7.92,9.66,8.5,9.27,6.82,10.39,8.04,10.25,6.52,4.74,9.38,7.53,8.23,6.22,6.86,6.15,7.88,5.52,3.99,8.32,8.09,3.99,6.69,9.24,6.9,8.17,8.23,3.35,8.57,6.61,4.47,8.45,7.55,7.22,8.06,7.47,10.23,4.96,7.87,6.44,8.22,7.23,4.97,10.11,7.28,9.9,7.1,9.86,7.28,7.7,5.9,6.85,7.43,5.42,6.52,4.44,14.01,11.61,5.81,6.96,3.81,6.04,4.12,7.62
RE:CAKI_1,1,1,1,1,1,2,1,1,1,1,1,1,1,1,1,1,1,1,1,1,1,1,1,1,1,1,1,2,1,1,1,1,1,1,1,1,1,1,1,1,1,1,1,1,1,1,1,1,1,1,1,1,1,1,1,1,1,1,1,1,1,1,1,1,1,1,1,1,1,1,1,1,1,1,1,1,1,1,1,1,1,1,1,1,1,1,1,1,1,1,1,1,1,1,1,1,1,1,1,1,1,1,1,1,1,1,1,1,1,1,2,1,1,1,1,1,1,1,1,1,1,1,1,1,1,2,1,1,1,1,1,1,1,1,1,1,1,1,1,1,1,1,1,1,1,1,1,1,1,1,1,2,1,1,1,1,1,1,1,1,1,1,1,1,1,1,1,1,1,1,1,1,1,1,1,1,1,1,1,2,1,1,1,1,1,1,1,1,1,1,1,1,1,1,1,1,1,1,1,1,1,1,1,1,1,1,1,1,1,1,1,1,1,1,1,1,1,1,1,1,1,1,1,1,1,1,2,1,2,1,1,1,1,1,1,1,1,1,1,1,1,1,1,1,1,1,1,1,1,1,1,1,1,1,1,1,1,1,1,1,1,1,1,1,1,1,1,1,1,1,1,1,1,1,1,1,1,1,1,1,1,1,1,1,1,1,1,1,1,1,1,1,1,2,1,1,1,1,1,1,1,1,1,1,1,1,1,1,1,1,1,1,1,1,9.7,6.08,9.22,5.14,7.83,9.27,7.3,5.54,6.07,3.93,7.49,4.21,3.85,6.4,5.33,7.55,6.6,7.85,7.08,8.14,7.813333,6.52,9.16,8.18,10.02,7.4,11.83,7.815,7.16,12.94,10.22,10.48,6.2675,11.36,11.59,12.27,10.87,7.485,6.415,9.39,9.05,4.95,8.21,7.52,4.71,7.37,4.64,7.54,6.84,8.4,8.74,8.49,4.68,4.57,14.99,7.22,8.41,9.35,3.9,6.2,7.63,6.79,10.31,8.39,5.27,8.27,7.35,6.57,7.27,7.37,7.07,6.26,4.93,8.79,10.2,9.34,6.81,3.68,3.69,7.96,8.53,6.99,6.98,5.79,6.57,7.96,3.29,7.15,5.35,7.78,5.69,4.25,7.72,6.61,6.74,8.56,5.58,3.57,8.26,6.86,8.88,7.06,6.74,6.18,8.96,8.33,9.06,7.43,5.87,8.71,5.49,7.69,7.85,5.64,4.72,5.84,8.25,7.77,7.04,5.49,7.08,9.89,5.03,7.4,8.37,6.79,7.89,8.19,8.21,6.12,8.01,7.48,5.94,10.22,6.94,6.05,8.39,10.38,8.86,6.65,10.63,9.25,10.46,10.09,8.38,5.15,7.16,5.99,10.05,7.5,7.64,8.27,7.55,6.65,7.85,6.52,7.2,3.94,5.05,8.32,6.98,10.95,9.64,5.27,9.36,7.18,7.98,8.4,7.61,7.87,10.47,3.25,7.78,7.97,9.84,8.36,8.59,6.91,8.35,7.03,5.68,9.91,5.88,5.72,5.33,8.54,7.88,4.94,6.87,7.12,6.9,6.54,9.27,10.63,5.85,6.64,7.58,7.53,10.21,6.46,10.2,7.31,8.31,8.8,3.07,9.57,8.31,5.45,4.56,5.83,6.32,7.46,5.95,7.31,7.05,8.19,7.97,5.25,8.94,5.33,8.66,5.23,4.78,6.86,6.22,6.6,4.93,7.42,7.89,4.71,3.67,7.85,4.48,8.04,9.94,6.05,8.97,6.74,4.81,11.58,7.95,7.62,5.5,7.9,6.52,5.33,8.72,7.89,7.59,8.08,7.11,8.96,8.35,9.56,8.15,10.28,7.7,10.75,5.8,5.15,9.35,7.01,8.17,6.63,7.14,5.96,7.06,5.66,3.81,8.77,9.11,4.07,6.53,8.75,7,8.21,8.3,3.33,8.52,7.08,4.78,8.09,8.26,6.71,7.95,7.86,9.97,5,8.03,6.81,7.96,8.02,5.28,10.49,6.49,8.78,7.54,9.99,7.82,8.89,6.39,6.89,7.35,3.58,7.23,4.52,15.22,12.03,6.81,6.35,3.79,5.87,4.26,7.6
RE:RXF_393,1,1,1,1,1,1,1,1,1,1,1,1,1,1,1,1,1,1,1,1,1,1,1,1,1,1,1,1,1,1,1,1,1,1,1,1,1,1,1,1,1,1,1,1,1,1,1,1,1,1,1,1,1,1,1,1,1,1,1,1,1,1,1,1,1,1,1,1,1,1,1,1,1,1,1,1,1,1,1,1,1,1,1,1,1,1,1,1,1,1,1,1,1,1,1,1,1,1,1,1,1,1,1,1,1,1,1,1,1,1,1,1,1,1,1,1,1,1,1,1,1,1,1,1,1,1,1,1,1,1,1,1,1,1,1,1,1,1,1,1,1,1,1,1,1,1,1,1,1,1,1,1,1,1,1,1,1,1,1,1,1,1,1,1,1,1,1,1,1,1,1,1,1,1,1,1,1,1,1,1,1,1,1,1,1,1,1,1,1,1,1,1,1,1,1,1,1,1,1,1,1,1,1,1,1,1,1,1,1,1,1,1,1,1,1,1,1,1,1,1,1,1,1,1,1,1,1,1,1,1,1,1,1,1,1,1,1,1,1,1,1,1,1,1,1,1,1,1,1,1,1,1,1,1,1,1,1,1,1,1,1,1,1,1,1,1,1,1,1,1,1,1,1,1,1,1,1,1,1,1,1,1,1,1,1,1,1,1,1,1,1,1,1,1,1,1,1,1,1,1,1,1,1,1,1,1,1,1,1,1,1,1,1,1,9.69,6.26,9.6,4.93,7.53,8.73,6.94,5.62,6.3,4.25,7.17,4.19,4,8.18,5.69,8.05,6.34,6.86,8.54,8.92,8.42,8.325,10.83,9.04,10.99,7.95,12.41,6.3325,6.89,13.87,10.2,10.86,6.78,11.99,12.68,12.45,11.29,8.58,9.315,9.29,8.72,4.96,7.56,7.57,4.4,6.39,3.7,7.79,6.97,8.45,8.92,8.19,6.07,5.15,15.77,6.34,7.91,9.53,3.75,5.75,6.98,5.14,9.74,8.82,3.4,8.69,6.05,6.41,8.06,6.88,8.4,7.4,4.76,9.49,10.57,9.05,6.19,3.59,3.52,7.51,8.71,7.73,6.58,4.9,7.73,7.44,3.29,6.16,5.32,8.04,7.06,6.03,6.83,6.72,6,8.57,5.84,3.45,8.63,7.04,8.11,7.73,6.69,6.28,8.17,8.25,8.15,8.39,5.96,9.11,5.5,6.7,6.27,6.19,4.66,6.54,8.91,8.35,6.62,5.76,7.63,9.41,4.6,6.39,7.6,5.16,8.07,7.72,8.64,5.17,7.33,6.74,6.13,10.16,5.93,7.73,7.38,10.54,8.79,7.13,9.69,8.52,10.61,9.68,9.5,5.68,7.09,6.24,9.26,7.63,7.56,5.59,9.1,5.82,7.25,6.81,8.1,3.93,4.53,7.93,7.37,9.78,9.43,5.74,9.12,7.66,8.14,8.32,6.9,7.86,9.56,3.39,7.66,8.62,8.99,7.64,7.73,6.83,8.68,5.55,5.47,9.32,5.82,5.82,5.4,7.04,6.93,4.75,7.36,7.07,7.42,6.28,9.07,10.17,6.82,6.8,7.38,6.96,9.12,6.48,10.32,6.75,8.68,7.6,3.08,9.28,9.03,6.35,4.36,5.72,6.21,7.61,6.28,6.19,5.57,8.64,6.75,4.81,8.47,6.55,8.76,5.31,4.77,6.77,7.08,7.12,5,7.9,6.45,5.5,3.68,7.12,4.42,7.37,9.68,6.35,8.97,6.95,4.92,11.16,9.46,7.68,5.74,7.57,5.99,5.3,8.95,8.03,8.695,8.03,8.04,7.99,7.68,9.73,7.67,9.9,6.86,11.17,5.6,4.87,9.03,6.7,7.23,6.93,6.84,6.48,8.21,4.9,4.08,8.48,8.2,5.12,6.48,8.53,7.27,7.72,8.02,3.35,8.07,7.02,3.95,8.41,7.69,7.31,7.8,7.85,9.33,4.65,7.7,6.41,8.2,7.66,4.9,8.51,6.83,9.53,7.36,9.98,6.96,8.43,5.34,6.27,6.6,3.93,6.56,4.55,15.96,12.5,5.44,6.19,3.8,6.33,4.25,7.21
RE:SN12C,1,1,1,1,1,1,1,1,1,1,1,1,1,1,1,1,1,1,1,1,1,1,1,1,1,1,1,1,1,1,1,1,1,1,1,1,1,1,1,1,1,1,1,1,1,1,1,1,1,1,1,1,1,1,1,1,1,1,1,1,1,1,1,1,1,1,1,1,1,1,1,1,1,1,1,1,1,1,1,1,1,1,2,1,1,1,1,1,1,1,1,1,2,1,1,1,1,1,1,1,1,1,1,1,1,1,1,1,2,1,1,1,1,1,1,1,1,1,1,1,1,1,1,1,1,1,1,1,1,1,1,1,1,1,1,1,1,1,1,1,1,1,1,1,1,1,1,1,1,1,1,1,1,1,1,1,1,1,1,1,1,1,1,1,1,1,1,1,1,1,1,1,1,1,1,1,1,1,1,1,1,1,2,1,1,1,1,1,1,1,1,1,1,1,1,1,1,1,1,2,1,1,1,1,1,1,1,1,1,1,1,1,1,1,1,1,1,1,1,1,1,2,1,1,1,1,1,1,1,1,1,1,1,1,1,1,1,1,1,1,1,1,1,1,1,1,1,1,1,1,1,1,1,1,1,1,2,1,1,1,1,1,1,1,1,1,1,1,1,1,1,1,1,1,1,1,1,1,1,1,1,1,1,1,1,1,1,1,1,1,1,1,1,1,1,1,1,1,1,1,1,1,1,1,1,1,1,1,1,1,1,1,1,1,9.32,5.67,9.08,4.74,7.63,8.83,7.52,5.96,6.65,3.9,7.7,4.33,3.71,6.2,5.25,8.68,6.13,4.64,7.49,7.41,7.783333,6.1325,9.695,7.61,10.24,8.33,11.46,6.7775,2.3,14.49,10.22,11.21,6.105,12.1,12.29,13.03,11.61,7.75,8.915,9.29,8.28,5.01,8.33,5.2,5.24,6.41,3.92,6.53,6.74,9.14,9.03,7.51,5.96,5.29,15.1,7.05,8.45,9.03,3.51,5.93,6.8,6.35,10.48,7.65,5.77,8.38,5.06,6.28,7.55,6.9,7.11,6.19,6.4,8.62,9.99,8.48,7.67,3.97,3.58,7.65,8.8,4.99,8.85,4.23,5.04,8.65,3.31,7.61,5.34,7.69,5.67,4.18,8.42,6.75,6.52,8.93,5.5,3.64,8.04,6.03,9.22,7.21,6.73,6.17,8.62,8.04,8.83,8.48,6.03,9.28,5.43,7.74,7.8,5.85,6.1,6.46,8.37,8.08,8.28,6.17,7.8,10.38,5.12,6.25,8.57,6.48,8.59,7.56,9.51,6.32,7.45,7.21,5.88,9.35,5.93,7.79,7.64,10.66,8.35,6.54,10.01,9,10.22,10.56,7.66,5.55,7.32,7.27,10,8.32,8.38,6.94,8.35,5.61,8.12,6.55,8.19,3.91,5.3,8.02,7.01,9.83,9.29,5.1,9.35,7.69,8.88,9.12,7.11,9.08,10.21,3.19,8.75,8.13,9.68,8.12,9.28,7.42,8.8,6.09,4.5,7.67,5.91,5.76,5.89,7.17,7.69,4.77,6.64,7.79,7.1,7.24,9.27,11.01,4.87,7.96,7.29,7.89,9.35,6.44,10.7,6.36,8.81,8.47,2.96,9.88,8.05,5.48,4.57,6.01,6.17,4.41,7.53,6.65,5.75,8.93,8.18,5.96,9.76,6.66,8.95,5.26,6.47,6.56,6.21,7.01,4.79,7.49,6.62,4.51,3.7,7.06,4.99,6.88,9.21,7.05,9.16,5.43,4.92,11.51,8.31,6.76,5.7,7.78,6.57,5.63,8.16,8.02,8.23,9.21,7.48,9.06,8.33,9.97,5.94,10.57,7.36,10.52,6.37,5.75,10.67,7.68,7.8,7.53,6.45,6.67,7.82,4.65,4,8.02,7.77,4.1,6.42,8.9,6.74,8.25,8.49,3.31,8.84,6.67,4.45,7.65,7.72,7.3,9.03,7.16,9.99,4.65,7.93,6.9,7.54,8.03,5.26,10.36,6.48,9.63,8.56,9.44,7.06,9.18,6.18,6.28,7.43,7.1,6.68,4.59,15.32,12.94,6.21,5.33,3.63,6.66,4.11,6.97
RE:TK_10,1,1,2,1,1,1,1,1,1,1,1,1,1,1,1,1,1,1,2,1,1,1,1,1,1,1,1,1,1,1,1,1,1,1,1,1,1,1,1,1,1,1,1,1,1,1,1,1,1,1,1,1,1,2,1,1,1,2,1,1,1,1,1,1,1,1,1,1,1,1,1,1,1,1,1,1,1,1,1,1,1,1,1,1,1,1,1,1,1,1,1,1,1,1,1,1,1,1,1,1,1,1,1,1,1,1,1,1,1,1,1,1,1,1,1,1,1,1,1,1,1,1,1,1,1,1,1,1,1,1,1,1,1,1,1,1,1,1,1,1,1,1,1,1,1,1,1,1,1,1,1,1,1,1,1,1,1,1,1,1,2,1,1,1,1,2,2,1,1,1,1,1,1,2,1,1,1,1,1,1,1,1,1,1,1,1,1,1,1,1,1,1,1,1,1,1,1,1,1,1,1,1,1,1,1,1,1,1,1,1,1,1,1,1,1,1,1,1,1,1,1,1,1,1,1,1,1,1,2,1,1,1,1,1,1,1,1,1,1,1,1,1,1,1,1,1,1,1,1,1,1,1,1,1,1,1,1,1,1,1,1,1,1,1,1,1,1,1,1,1,2,1,1,1,1,1,1,1,1,1,1,1,1,1,1,1,1,1,1,1,1,1,1,1,1,1,2,1,1,1,1,1,1,1,1,1,1,1,1,1,1,1,1,1,10.23,5.99,10.41,5,7.53,9.42,7.81,6.36,6.67,3.92,7.23,4.16,3.92,7.3,5.36,7.22,7.82,8.05,7.87,8.58,8.273333,6.6775,10.28,8.83,10.6,6.29,12.5,7.74,5.67,13.17,10.67,11.28,6.155,11.23,11.77,11.74,11.14,7.985,8.405,10.17,9.02,4.76,8.23,8.19,5.57,6.96,3.68,7.31,7.45,8.27,8.27,7.39,4.63,6.54,14.75,6.19,8.46,10.77,3.56,6.59,7.85,6.37,10.07,8.69,6.01,8.74,7.05,5.82,8.05,7.39,7.9,7.15,5.12,9.52,10.57,9,6.99,3.53,3.63,7.72,8.95,7.76,6.9,6.25,7.48,8.38,3.16,6.85,5.76,8.25,5.48,4.97,8.06,6.59,8.07,9.48,6.15,4.78,9.08,7.54,8.38,7.64,6.42,6.8,9.02,7.95,9.22,8.33,5.8,9.45,5.51,6.84,7.56,6.24,4.64,6.36,8.84,8.62,7.5,5.83,8.4,10.21,5.28,6.63,8.44,6.23,8.22,7.76,8.73,6.23,8.62,6.96,5.85,9.24,6.5,7.82,7.66,10.28,8.89,7.63,10.28,9.18,10.25,10.28,8.91,6.33,7.14,7.36,9.8,8.14,7.21,7.83,8.9,6.82,7.05,6.93,8.66,3.94,4.73,7.87,8.76,10.05,9.34,5.02,8.71,8.36,9.33,8.56,7.26,7.8,10.34,3.38,8.05,8.58,9.79,8.67,8.1,7,8.72,6.54,5.64,8.55,5.72,5.59,5.47,7.77,7.36,5.34,7.36,7.22,7.76,7.43,8.97,10.64,6.84,7.06,8.03,6.76,9.68,7.79,10.9,6.85,7.86,8.44,2.8,10.28,8.48,4.78,4.19,5.54,6.15,4.3,7.58,6.35,5.43,8.95,7.73,5.87,8.54,7.79,8.76,5.77,5.54,6.74,6.42,7.63,4.92,7.75,7.58,5.8,3.51,7.68,4.04,7.47,9.95,7.87,8.18,6.16,4.72,11.8,7.45,7.65,5.46,7.48,5.4,6.39,9.14,8.16,7.64,8.38,8.28,8.89,8.05,9.69,7.61,9.99,7.07,10.72,6.27,6.13,9.22,6.85,8.77,5.86,7.61,7.38,8.22,6.09,4.02,8.32,9.39,3.99,6.53,8.86,6.74,8.34,8,3.35,9.07,7.39,4.42,7.81,8.27,7.49,8.01,7.34,9.45,4.8,8.17,6.44,8.08,7.58,5.3,10.05,7.06,10.33,8.8,6.21,7.31,8.71,5.02,6.37,6.46,3.5,7.14,4.52,15.01,12.66,6.18,7.14,3.85,5.93,4.24,7.24
RE:UO_31,1,1,1,1,1,1,1,1,1,1,1,1,1,1,1,1,1,1,1,1,1,1,1,1,1,1,1,1,1,1,1,1,1,1,1,1,1,1,1,1,1,1,1,1,1,1,1,1,1,1,1,1,1,1,1,1,1,1,1,1,1,1,1,1,1,1,1,1,1,1,1,1,1,1,1,1,1,1,1,1,1,1,1,1,1,1,1,1,1,1,1,1,1,1,1,1,1,1,1,1,1,1,1,1,1,1,1,1,1,1,1,1,1,1,1,1,1,1,1,1,1,1,1,1,1,1,1,1,1,1,1,1,1,1,1,1,1,1,1,1,1,1,1,1,1,1,1,1,1,1,1,1,1,1,1,1,1,1,1,1,1,1,1,1,1,1,1,1,1,1,1,1,1,1,1,1,1,1,1,1,1,1,1,1,1,1,1,1,1,1,1,1,1,1,1,1,1,1,1,1,1,1,1,1,1,1,1,1,1,1,1,1,1,1,1,1,1,1,1,1,1,1,1,1,1,1,1,1,1,1,1,1,1,1,1,1,1,1,1,1,1,1,1,1,1,1,1,1,1,1,1,1,1,1,1,1,1,1,1,1,1,1,1,1,1,1,1,1,1,1,1,1,1,1,1,1,1,1,1,1,1,1,1,1,1,1,1,1,1,1,1,1,1,1,1,1,1,1,1,1,1,1,1,1,1,1,1,1,1,1,1,1,1,1,9.95,6.66,9.43,4.84,7.19,9.07,6.61,5.47,6.39,3.83,6.78,4.2,3.83,5.52,5.2,7.78,6.81,6.73,8.39,6.75,8.153333,6.655,9.815,8.05,10.18,6.26,11.98,7.6425,6.37,14.04,10.765,11.7,7.1875,11.57,12.2,12.28,10.9,7.16,8.735,8.93,8.5,4.9,7.63,7.73,5.79,6.5,5.68,7.33,6.83,8.31,7.68,9.4,4.68,5.2,14.78,6.37,7.6,9.45,3.68,5.74,6.91,8.4,10.29,9.05,5.63,8.16,7.59,6.87,8.04,7.02,7.72,7.51,6.32,8.73,10.38,8.72,8.26,3.58,3.53,7.51,8.74,7.17,7.13,5.55,6.77,7.98,3.18,7.05,5.18,8.38,5.81,3.85,7.11,6.19,6.92,8.98,5.24,4.26,8.36,6.25,9.19,7.63,6.52,6.8,8.49,8.18,9.25,8.07,5.92,8.93,5.43,6.83,7.41,5.94,4.97,6.82,8.54,8.09,7.25,6.27,8.27,9.74,4.78,6.42,8.07,5.7,7.81,7.89,9.02,5.68,7.82,6.91,5.96,9.89,6.72,7.31,7.07,10.28,8.16,6.63,10.04,8.63,10.1,10,8.59,5.67,7.47,7.19,9.87,8.13,8.67,7.11,7.87,6.91,7.58,6.24,8.42,3.94,4.27,7.19,7.21,10,9.38,4.53,8.57,7.49,8.01,8.01,7.24,8.51,10.66,3.35,8.13,7.86,10.18,7.97,8.36,6.6,8.16,6.52,5.71,9.11,5.72,5.71,5.21,6.85,6.73,4.7,6.64,7.74,7.55,7.54,8.28,10.6,7.71,6.45,7.22,7.59,10.09,6.27,9.87,7.46,8.28,7.9,2.9,9.98,8.2,6.12,4.35,6.63,6.23,7.04,6.64,7.56,6.04,9.26,7.55,6.63,8.62,6.59,8.45,5.3,6.12,6.31,7.28,7.26,4.89,7.86,7.02,4.48,3.59,6.63,3.97,8.2,9.42,6.78,8.64,6.41,4.84,11.5,7.72,7.16,5.57,7.54,6.75,5.82,9.09,7.55,7.6625,8.16,8.34,8.86,8.33,9.59,5.76,9.93,7.63,10.55,5.24,4.72,9.24,7.17,8.37,6.1,7.81,6.3,7.82,5.31,3.82,8.39,8,4.02,6.34,8.56,7,7.77,8.23,3.29,8.52,6.62,4.77,8.72,8.22,7.65,8.77,7.32,9.97,4.56,7.97,6.48,7.97,7.25,5.29,9.95,6.95,9.44,8.15,9.49,6.49,8.29,5.91,7.04,7.61,5.95,6.28,4.36,14.85,12.21,6.17,7.54,3.74,5.98,4.22,6.82
